,KYSYMYSTEKSTI,TYYPPI,VAIHTOEHDOT,TEKSTI,KYSYMYSTEKSTI,TYYPPI,VAIHTOEHDOT,TEKSTI,KYSYMYSTEKSTI,TYYPPI,VAIHTOEHDOT,TEKSTI,KYSYMYSTEKSTI,TYYPPI,VAIHTOEHDOT,TEKSTI,KYSYMYSTEKSTI,TYYPPI,VAIHTOEHDOT,,,,,,,,,,,,,,,,,,,,,,,,,
,,,,,,,,,,,,,,,,,,,,,,,,,,,,,,,,,,,,,,,,,,,,
,Onko sinulla kipua vatsan alueella?,valinta,Kyll‰,,Kuinka kauan nykyist‰ vatsakipua sinulla on ollut?,valinta,Vatsakipu on alkanut minulla t‰n‰‰n.,"Potilaalla kipua, joka on alkanut t‰n‰‰n,",,,,,,,,,,,,,,,,,,,,,,,,,,,,,,,,,,,,
,,,,,,,Minulla on ollut vatsakipua 1-3 vuorokauden ajan.,"Potilaalla ollut kipua 1-3 vrk:n ajan,",,,,,,,,,,,,,,,,,,,,,,,,,,,,,,,,,,,,
,,,,,,,Minulla on ollut vatsakipua 4-6 vuorokauden ajan.,"Potilaalla ollut kipua 4-6 vrk:n ajan,",,,,,,,,,,,,,,,,,,,,,,,,,,,,,,,,,,,,
,,,,,,,Minulla on ollut vatsakipua 1-2 viikon ajan.,"Potilaalla ollut kipua 1-2 vko ajan,",,,,,,,,,,,,,,,,,,,,,,,,,,,,,,,,,,,,
,,,,,,,Minulla on ollut vatsakipua 2 vko - 1kk ajan.,"Potilaalla ollut kipua 2 vko - 1kk ajan,",,,,,,,,,,,,,,,,,,,,,,,,,,,,,,,,,,,,
,,,,,,,Minulla on ollut vatsakipua yli kuukauden ajan.,"Potilaalla ollut kipua yli 1kk ajan,",,,,,,,,,,,,,,,,,,,,,,,,,,,,,,,,,,,,
,,,,,Miss‰ kohtaa sinulla on vatsakipua?,valinta,Minulla on kipua koko vatsan alueella., koko vatsan alueella.,,,,,,,,,,,,,,,,,,,,,,,,,,,,,,,,,,,,
,,,,,,,Minulla on kipua yl‰vatsalla.,,Miss‰ kohdassa yl‰vatsaa sinulla on kipua?,valinta,Minulla on kipua koko yl‰vatsan alueella., koko yl‰vatsan alueella.,,,,,,,,,,,,,,,,,,,,,,,,,,,,,,,,
,,,,,,,,,,,Minulla on kipua yl‰vatsalla oikealla puolella., oikealla puolella yl‰vatsaa.,,,,,,,,,,,,,,,,,,,,,,,,,,,,,,,,
,,,,,,,,,,,Minulla on kipua yl‰vatsalla keskell‰., keskell‰ yl‰vatsaa.,,,,,,,,,,,,,,,,,,,,,,,,,,,,,,,,
,,,,,,,,,,,Minulla on kipua yl‰vatsalla vasemmalla puolella., vasemmalla puolella yl‰vatsaa.,,,,,,,,,,,,,,,,,,,,,,,,,,,,,,,,
,,,,,,,Minulla on kipua alavatsalla. ,,Miss‰ kohdassa alavatsaa sinulla on kipua?,valinta,Minulla on kipua koko alavatsan alueella., koko alavatsan alueella.,,,,,,,,,,,,,,,,,,,,,,,,,,,,,,,,
,,,,,,,,,,,Minulla on kipua alavatsalla oikealla puolella., oikealla puolella alavatsaa.,,,,,,,,,,,,,,,,,,,,,,,,,,,,,,,,
,,,,,,,,,,,Minulla on kipua alavatsalla keskell‰., keskell‰ alavatsaa.,,,,,,,,,,,,,,,,,,,,,,,,,,,,,,,,
,,,,,,,,,,,Minulla on kipua alavatsalla vasemmalla puolella., vasemmalla puolella alavatsaa.,,,,,,,,,,,,,,,,,,,,,,,,,,,,,,,,
,,,,,,,Minulla on kipua oikealla puolella vatsaa.,,Miss‰ kohdassa oikealla puolella vatsaa sinulla on kipua?,valinta,Minulla on koko oikea puoli vatsasta kipe‰., oikealla puolella vatsaa kauttaaltaan.,,,,,,,,,,,,,,,,,,,,,,,,,,,,,,,,
,,,,,,,,,,,Minulla on kipua yl‰vatsalla oikealla puolella., oikealla puolella yl‰vatsaa.,,,,,,,,,,,,,,,,,,,,,,,,,,,,,,,,
,,,,,,,,,,,Minulla on kipua alavatsalla oikealla puolella., oikealla puolella alavatsaa.,,,,,,,,,,,,,,,,,,,,,,,,,,,,,,,,
,,,,,,,Minulla on kipua keskell‰ vatsaa., keskell‰ vatsaa.,,,,,,,,,,,,,,,,,,,,,,,,,,,,,,,,,,,,
,,,,,,,Minulla on kipua navan seudulla., navan seudulla.,,,,,,,,,,,,,,,,,,,,,,,,,,,,,,,,,,,,
,,,,,,,Minulla on kipua vasemmalla puolella vatsaa.,,Miss‰ kohdassa vasemmalla puolella vatsaa sinulla on kipua?,valinta,Minulla on koko vasen puoli vatsasta kipe‰., vasemmalla puolella vatsaa kauttaaltaan.,,,,,,,,,,,,,,,,,,,,,,,,,,,,,,,,
,,,,,,,,,,,Minulla on kipua yl‰vatsalla vasemmalla puolella., vasemmalla puolella yl‰vatsaa.,,,,,,,,,,,,,,,,,,,,,,,,,,,,,,,,
,,,,,,,,,,,Minulla on kipua alavatsalla vasemmalla puolella., vasemmalla puolella alavatsaa.,,,,,,,,,,,,,,,,,,,,,,,,,,,,,,,,
,,,,,,,En osaa sanoa tarkkaan miss‰ kohtaa kipua on.," vatsan alueella, ei osaa sanoa tarkkaan miss‰ kohtaa vatsaa kipua on.",,,,,,,,,,,,,,,,,,,,,,,,,,,,,,,,,,,,
,,,,,Onko vatsakipusi jatkuva vai ajoittaista vai aaltoimaista?,valinta,Kipu on jatkuvaa.,,"Kuinka kova kipu on pahimillaan? Kipuasteikolla 1-10, jossa 1=ei juuri kipua lainkaan vrt 10=pahin mahdollinen siet‰m‰tˆn kipu.",ligert,,"Kipu on jatkuvaa, VAS pahimillaan __,",,,,,,,,,,,,,,,,,,,,,,,,,,,,,,,,
,,,,,,,Kipu on ajoittaista.,,"Kuinka kova kipu on pahimmillaan? Kipuasteikolla 1-10, jossa 1=ei juuri kipua lainkaan vrt 10=pahin mahdollinen siet‰m‰tˆn kipu.",ligert,,"Kipu on ajoittaista, VAS pahimillaan __,",,,,,,,,,,,,,,,,,,,,,,,,,,,,,,,,
,,,,,,,Kipu on aaltomaista.,,"Kuinka kova kipu on pahimillaan? Kipuasteikolla 1-10, jossa 1=ei juuri kipua lainkaan vrt 10=pahin mahdollinen siet‰m‰tˆn kipu.",ligert,,"Kipu on aaltomaista, VAS pahimillaan __,",,,,,,,,,,,,,,,,,,,,,,,,,,,,,,,,
,,,,,Onko vatsakipu koko ajan pahentunut?,valinta,Kyll‰,Kipu on pahentunut koko ajan.,,,,,,,,,,,,,,,,,,,,,,,,,,,,,,,,,,,,
,,,,,,,Ei,Kipu ei ole pahentunut.,,,,,,,,,,,,,,,,,,,,,,,,,,,,,,,,,,,,
,,,,,,,En osaa sanoa,"Ei osaa sanoa, ett‰ onko kipu pahentunut.",,,,,,,,,,,,,,,,,,,,,,,,,,,,,,,,,,,,
,,,Ei,Ei vatsakipua.,,,,,,,,,,,,,,,,,,,,,,,,,,,,,,,,,,,,,,,,
,,,En osaa sanoa,Ei osaa sanoa onko vatsakipua.,,,,,,,,,,,,,,,,,,,,,,,,,,,,,,,,,,,,,,,,
,Onko sinulla viime aikoina ollut normaalista poikkeavia virtsaamisoireita?,valinta,Kyll‰,,Kuinka kauan sinulla on ollut poikkeavia virtsaamisoireita?,valinta,Virtsaamisoireet ovat alkaneet minulla t‰n‰‰n.,,Onko sinulla virtsaamisen tarve lis‰‰ntynyt?,valinta,Kyll‰,,Kirveleekˆ/onko sinulla kipua virtsatessa?,valinta,Kyll‰,,Onko sinulla virtsaaminen vaikeutunut?,valinta,Kyll‰,"T‰n‰‰n alkanut tihentynyt virtsaamistarve, kirvely‰ virtsatessa ja virtsaamisvaikeus.",,,,,,,,,,,,,,,,,,,,,,,,
,,,,,,,,,,,,,,,,,,,Ei,"T‰n‰‰n alkanut tihentynyt virtsaamistarve, kirvely‰ virtsatessa. Ei virtsaamisvaikeutta.",,,,,,,,,,,,,,,,,,,,,,,,
,,,,,,,,,,,,,,,Ei,,Onko sinulla virtsaaminen vaikeutunut?,valinta,Kyll‰,T‰n‰‰n alkanut tihentynyt virtsaamistarve ja virtsaamisvaikeus. Ei kirvely‰ virtsatessa.,,,,,,,,,,,,,,,,,,,,,,,,
,,,,,,,,,,,,,,,,,,,Ei,"T‰n‰‰n alkanut tihentynyt virtsaamistarve. Ei virtsaamisvaikeutta, ei kirvely‰ virtsatessa.",,,,,,,,,,,,,,,,,,,,,,,,
,,,,,,,,,,,Ei,,Kirveleekˆ/onko sinulla kipua virtsatessa?,valinta,Kyll‰,,Onko sinulla virtsaaminen vaikeutunut?,valinta,Kyll‰,T‰n‰‰n alkanut kirvely virtsatessa ja virtsaamisvaikeus. Ei tihentynytt‰ virtsaamistarvetta.,,,,,,,,,,,,,,,,,,,,,,,,
,,,,,,,,,,,,,,,,,,,Ei,"T‰n‰‰n alkanut kirvely virtsatessa. Ei virtsaamisvaikeutta, ei tihentynytt‰ virtsaamistarvetta.",,,,,,,,,,,,,,,,,,,,,,,,
,,,,,,,,,,,,,,,Ei,,Onko sinulla virtsaaminen vaikeutunut?,valinta,Kyll‰,"T‰n‰‰n alkanut virtsaamisvaikeus. Ei tihentynytt‰ virtsaamistarvetta, ei kirvely‰ virtsatessa.",,,,,,,,,,,,,,,,,,,,,,,,
,,,,,,,,,,,,,,,,,,,Ei,"Ei tihentynytt‰ virtsaamistarvetta, ei kirvely‰ virtsatessa, ei virtsaamisvaikeutta.",,,,,,,,,,,,,,,,,,,,,,,,
,,,,,,,Minulla on ollut virtsaamisoireita 1-3 vuorokauden ajan.,,Onko sinulla virtsaamisen tarve lis‰‰ntynyt?,valinta,Kyll‰,,Kirveleekˆ/onko sinulla kipua virtsatessa?,valinta,Kyll‰,,Onko sinulla virtsaaminen vaikeutunut?,valinta,Kyll‰,"1-3 vrk ajan ollut tihentynytt‰ virtsaamistarvetta, kirvely‰ virtsatessa ja virtsaamisvaikeutta.",,,,,,,,,,,,,,,,,,,,,,,,
,,,,,,,,,,,,,,,,,,,Ei,"1-3 vrk ajan ollut tihentynytt‰ virtsaamistarvetta, kirvely‰ virtsatessa. Ei virtsaamisvaikeutta.",,,,,,,,,,,,,,,,,,,,,,,,
,,,,,,,,,,,,,,,Ei,,Onko sinulla virtsaaminen vaikeutunut?,valinta,Kyll‰,1-3 vrk ajan ollut tihentynytt‰ virtsaamistarvetta ja virtsaamisvaikeutta. Ei kirvely‰ virtsatessa.,,,,,,,,,,,,,,,,,,,,,,,,
,,,,,,,,,,,,,,,,,,,Ei,"1-3 vrk ajan ollut tihentynytt‰ virtsaamistarvetta. Ei kirvely‰ virtsatessa, ei virtsaamisvaikeutta.",,,,,,,,,,,,,,,,,,,,,,,,
,,,,,,,,,,,Ei,,Kirveleekˆ/onko sinulla kipua virtsatessa?,valinta,Kyll‰,,Onko sinulla virtsaaminen vaikeutunut?,valinta,Kyll‰,1-3 vrk ajan ollut kirvely‰ virtsatessa ja virtsaamisvaikeutta. Ei tihentynytt‰ virtsaamistarvetta.,,,,,,,,,,,,,,,,,,,,,,,,
,,,,,,,,,,,,,,,,,,,Ei,"1-3 vrk ajan ollut kirvely‰ virtsatessa. Ei virtsaamisvaikeutta, ei tihentynytt‰ virtsaamistarvetta.",,,,,,,,,,,,,,,,,,,,,,,,
,,,,,,,,,,,,,,,Ei,,Onko sinulla virtsaaminen vaikeutunut?,valinta,Kyll‰,"1-3 vrk ajan ollut virtsaamisvaikeutta. Ei tihentynytt‰ virtsaamistarvetta, ei kirvely‰ virtsatessa.",,,,,,,,,,,,,,,,,,,,,,,,
,,,,,,,,,,,,,,,,,,,Ei,"Ei tihentynytt‰ virtsaamistarvetta, ei kirvely‰ virtsatessa, ei virtsaamisvaikeutta.",,,,,,,,,,,,,,,,,,,,,,,,
,,,,,,,Minulla on ollut virtsaamisoireita 4-6 vuorokauden ajan.,,Onko sinulla virtsaamisen tarve lis‰‰ntynyt?,valinta,Kyll‰,,Kirveleekˆ/onko sinulla kipua virtsatessa?,valinta,Kyll‰,,Onko sinulla virtsaaminen vaikeutunut?,valinta,Kyll‰,"4-6 vrk ajan ollut tihentynytt‰ virtsaamistarvetta, kirvely‰ virtsatessa ja virtsaamisvaikeutta.",,,,,,,,,,,,,,,,,,,,,,,,
,,,,,,,,,,,,,,,,,,,Ei,"4-6 vrk ajan ollut tihentynytt‰ virtsaamistarvetta, kirvely‰ virtsatessa. Ei virtsaamisvaikeutta.",,,,,,,,,,,,,,,,,,,,,,,,
,,,,,,,,,,,,,,,Ei,,Onko sinulla virtsaaminen vaikeutunut?,valinta,Kyll‰,4-6 vrk ajan ollut tihentynytt‰ virtsaamistarvetta ja virtsaamisvaikeutta. Ei kirvely‰ virtsatessa.,,,,,,,,,,,,,,,,,,,,,,,,
,,,,,,,,,,,,,,,,,,,Ei,"4-6 vrk ajan ollut tihentynytt‰ virtsaamistarvetta. Ei kirvely‰ virtsatessa, ei virtsaamisvaikeutta.",,,,,,,,,,,,,,,,,,,,,,,,
,,,,,,,,,,,Ei,,Kirveleekˆ/onko sinulla kipua virtsatessa?,valinta,Kyll‰,,Onko sinulla virtsaaminen vaikeutunut?,valinta,Kyll‰,4-6 vrk ajan ollut kirvely‰ virtsatessa ja virtsaamisvaikeutta. Ei tihentynytt‰ virtsaamistarvetta.,,,,,,,,,,,,,,,,,,,,,,,,
,,,,,,,,,,,,,,,,,,,Ei,"4-6 vrk ajan ollut kirvely‰ virtsatessa. Ei virtsaamisvaikeutta, ei tihentynytt‰ virtsaamistarvetta.",,,,,,,,,,,,,,,,,,,,,,,,
,,,,,,,,,,,,,,,Ei,,Onko sinulla virtsaaminen vaikeutunut?,valinta,Kyll‰,"4-6 vrk ajan ollut virtsaamisvaikeutta. Ei tihentynytt‰ virtsaamistarvetta, ei kirvely‰ virtsatessa.",,,,,,,,,,,,,,,,,,,,,,,,
,,,,,,,,,,,,,,,,,,,Ei,"Ei tihentynytt‰ virtsaamistarvetta, ei kirvely‰ virtsatessa, ei virtsaamisvaikeutta.",,,,,,,,,,,,,,,,,,,,,,,,
,,,,,,,Minulla on ollut virtsaamisoireita 1-2 viikon ajan.,,Onko sinulla virtsaamisen tarve lis‰‰ntynyt?,valinta,Kyll‰,,Kirveleekˆ/onko sinulla kipua virtsatessa?,valinta,Kyll‰,,Onko sinulla virtsaaminen vaikeutunut?,valinta,Kyll‰,"1-2 vko ajan ollut tihentynytt‰ virtsaamistarvetta, kirvely‰ virtsatessa ja virtsaamisvaikeutta.",,,,,,,,,,,,,,,,,,,,,,,,
,,,,,,,,,,,,,,,,,,,Ei,"1-2 vko ajan ollut tihentynytt‰ virtsaamistarvetta, kirvely‰ virtsatessa. Ei virtsaamisvaikeutta.",,,,,,,,,,,,,,,,,,,,,,,,
,,,,,,,,,,,,,,,Ei,,Onko sinulla virtsaaminen vaikeutunut?,valinta,Kyll‰,1-2 vko ajan ollut tihentynytt‰ virtsaamistarvetta ja virtsaamisvaikeutta. Ei kirvely‰ virtsatessa.,,,,,,,,,,,,,,,,,,,,,,,,
,,,,,,,,,,,,,,,,,,,Ei,"1-2 vko ajan ollut tihentynytt‰ virtsaamistarvetta. Ei kirvely‰ virtsatessa, ei virtsaamisvaikeutta.",,,,,,,,,,,,,,,,,,,,,,,,
,,,,,,,,,,,Ei,,Kirveleekˆ/onko sinulla kipua virtsatessa?,valinta,Kyll‰,,Onko sinulla virtsaaminen vaikeutunut?,valinta,Kyll‰,1-2 vko ajan ollut kirvely‰ virtsatessa ja virtsaamisvaikeutta. Ei tihentynytt‰ virtsaamistarvetta.,,,,,,,,,,,,,,,,,,,,,,,,
,,,,,,,,,,,,,,,,,,,Ei,"1-2 vko ajan ollut kirvely‰ virtsatessa. Ei virtsaamisvaikeutta, ei tihentynytt‰ virtsaamistarvetta.",,,,,,,,,,,,,,,,,,,,,,,,
,,,,,,,,,,,,,,,Ei,,Onko sinulla virtsaaminen vaikeutunut?,valinta,Kyll‰,"1-2 vko ajan ollut virtsaamisvaikeutta. Ei tihentynytt‰ virtsaamistarvetta, ei kirvely‰ virtsatessa.",,,,,,,,,,,,,,,,,,,,,,,,
,,,,,,,,,,,,,,,,,,,Ei,"Ei tihentynytt‰ virtsaamistarvetta, ei kirvely‰ virtsatessa, ei virtsaamisvaikeutta.",,,,,,,,,,,,,,,,,,,,,,,,
,,,,,,,MInulla on ollut virtsaamisoireita 2 viikon - 1 kk ajan.,,Onko sinulla virtsaamisen tarve lis‰‰ntynyt?,valinta,Kyll‰,,Kirveleekˆ/onko sinulla kipua virtsatessa?,valinta,Kyll‰,,Onko sinulla virtsaaminen vaikeutunut?,valinta,Kyll‰,"2 vko - 1kk ajan ollut tihentynytt‰ virtsaamistarvetta, kirvely‰ virtsatessa ja virtsaamisvaikeutta.",,,,,,,,,,,,,,,,,,,,,,,,
,,,,,,,,,,,,,,,,,,,Ei,"2 vko - 1kk ajan ollut tihentynytt‰ virtsaamistarvetta, kirvely‰ virtsatessa. Ei virtsaamisvaikeutta.",,,,,,,,,,,,,,,,,,,,,,,,
,,,,,,,,,,,,,,,Ei,,Onko sinulla virtsaaminen vaikeutunut?,valinta,Kyll‰,2 vko - 1kk ajan ollut tihentynytt‰ virtsaamistarvetta ja virtsaamisvaikeutta. Ei kirvely‰ virtsatessa.,,,,,,,,,,,,,,,,,,,,,,,,
,,,,,,,,,,,,,,,,,,,Ei,"2 vko - 1kk ajan ollut tihentynytt‰ virtsaamistarvetta. Ei kirvely‰ virtsatessa, ei virtsaamisvaikeutta.",,,,,,,,,,,,,,,,,,,,,,,,
,,,,,,,,,,,Ei,,Kirveleekˆ/onko sinulla kipua virtsatessa?,valinta,Kyll‰,,Onko sinulla virtsaaminen vaikeutunut?,valinta,Kyll‰,2 vko - 1kk ajan ollut kirvely‰ virtsatessa ja virtsaamisvaikeutta. Ei tihentynytt‰ virtsaamistarvetta.,,,,,,,,,,,,,,,,,,,,,,,,
,,,,,,,,,,,,,,,,,,,Ei,"2 vko - 1kk ajan ollut kirvely‰ virtsatessa. Ei virtsaamisvaikeutta, ei tihentynytt‰ virtsaamistarvetta.",,,,,,,,,,,,,,,,,,,,,,,,
,,,,,,,,,,,,,,,Ei,,Onko sinulla virtsaaminen vaikeutunut?,valinta,Kyll‰,"2 vko - 1kk ajan ollut virtsaamisvaikeutta. Ei tihentynytt‰ virtsaamistarvetta, ei kirvely‰ virtsatessa.",,,,,,,,,,,,,,,,,,,,,,,,
,,,,,,,,,,,,,,,,,,,Ei,"Ei tihentynytt‰ virtsaamistarvetta, ei kirvely‰ virtsatessa, ei virtsaamisvaikeutta.",,,,,,,,,,,,,,,,,,,,,,,,
,,,,,,,MInulla on ollut virtsaamisoireita yli 1 kk ajan.,,Onko sinulla virtsaamisen tarve lis‰‰ntynyt?,valinta,Kyll‰,,Kirveleekˆ/onko sinulla kipua virtsatessa?,valinta,Kyll‰,,Onko sinulla virtsaaminen vaikeutunut?,valinta,Kyll‰,"Yli kk ajan ollut tihentynytt‰ virtsaamistarvetta, kirvely‰ virtsatessa ja virtsaamisvaikeutta.",,,,,,,,,,,,,,,,,,,,,,,,
,,,,,,,,,,,,,,,,,,,Ei,"Yli kk ajan ollut tihentynytt‰ virtsaamistarvetta, kirvely‰ virtsatessa. Ei virtsaamisvaikeutta.",,,,,,,,,,,,,,,,,,,,,,,,
,,,,,,,,,,,,,,,Ei,,Onko sinulla virtsaaminen vaikeutunut?,valinta,Kyll‰,Yli kk ajan ollut tihentynytt‰ virtsaamistarvetta ja virtsaamisvaikeutta. Ei kirvely‰ virtsatessa.,,,,,,,,,,,,,,,,,,,,,,,,
,,,,,,,,,,,,,,,,,,,Ei,"Yli kk ajan ollut tihentynytt‰ virtsaamistarvetta. Ei kirvely‰ virtsatessa, ei virtsaamisvaikeutta.",,,,,,,,,,,,,,,,,,,,,,,,
,,,,,,,,,,,Ei,,Kirveleekˆ/onko sinulla kipua virtsatessa?,valinta,Kyll‰,,Onko sinulla virtsaaminen vaikeutunut?,valinta,Kyll‰,Yli kk ajan ollut kirvely‰ virtsatessa ja virtsaamisvaikeutta. Ei tihentynytt‰ virtsaamistarvetta.,,,,,,,,,,,,,,,,,,,,,,,,
,,,,,,,,,,,,,,,,,,,Ei,"Yli kk ajan ollut kirvely‰ virtsatessa. Ei virtsaamisvaikeutta, ei tihentynytt‰ virtsaamistarvetta.",,,,,,,,,,,,,,,,,,,,,,,,
,,,,,,,,,,,,,,,Ei,,Onko sinulla virtsaaminen vaikeutunut?,valinta,Kyll‰,"Yli kk ajan ollut virtsaamisvaikeutta. Ei tihentynytt‰ virtsaamistarvetta, ei kirvely‰ virtsatessa.",,,,,,,,,,,,,,,,,,,,,,,,
,,,,,,,,,,,,,,,,,,,Ei,"Ei tihentynytt‰ virtsaamistarvetta, ei kirvely‰ virtsatessa, ei virtsaamisvaikeutta.",,,,,,,,,,,,,,,,,,,,,,,,
,,,,,Onko virtsa ollut punaista oireiden aikana?,valinta,Kyll‰,,Milloin virtsa on muuttunut punaiseksi?,valinta,T‰n‰‰n,T‰n‰‰n virtsa on muuttunut punaiseksi.,,,,,,,,,,,,,,,,,,,,,,,,,,,,,,,,
,,,,,,,,,,,1-3 vuorokautta sitten,1-3 vrk sitten virtsa on muuttunut punaiseksi.,,,,,,,,,,,,,,,,,,,,,,,,,,,,,,,,
,,,,,,,,,,,4-6 vuorokautta sitten,4-6 vrk sitten virtsa on muuttunut punaiseksi.,,,,,,,,,,,,,,,,,,,,,,,,,,,,,,,,
,,,,,,,,,,,1-2 viikkoa sitten,1-2 vko sitten virtsa on muuttunut punaiseksi.,,,,,,,,,,,,,,,,,,,,,,,,,,,,,,,,
,,,,,,,,,,,2 viikkoa - 1 kuukausi sitten,2 vko - 1 kk sitten virtsa on muuttunut punaiseksi.,,,,,,,,,,,,,,,,,,,,,,,,,,,,,,,,
,,,,,,,,,,,Yli 1 kuukausi sitten,Yli 1 kk sitten virtsa on muuttunut punaiseksi.,,,,,,,,,,,,,,,,,,,,,,,,,,,,,,,,
,,,,,,,Ei,Ei n‰kyv‰‰ hematuriaa.,,,,,,,,,,,,,,,,,,,,,,,,,,,,,,,,,,,,
,,,Ei,Virtsaaminen normaalia.,,,,,,,,,,,,,,,,,,,,,,,,,,,,,,,,,,,,,,,,
,,,En osaa sanoa,Ei osaa sanoa onko poikkeavia virtsaamisoireita.,,,,,,,,,,,,,,,,,,,,,,,,,,,,,,,,,,,,,,,,
,"Onko sinun ulostaminen ollut normaalista poikkeavaa (ripulia, ummetusta, tummia ulosteita, kirkasta verta) viime aikoina?",valinta,Kyll‰,,Onko sinulla ripulia?,valinta,Kyll‰,,Kuinka kauan sinulla on ollut ripulia?,valinta,Ripuli on alkanut t‰n‰‰n.,"Ripuli on alkanut t‰n‰‰n,",,,,,,,,,,,,,,,,,,,,,,,,,,,,,,,,
,,,,,,,,,,,Ripuli on kest‰nyt 1-3 vuorokauden ajan.,"Ripulia ollut 1-3 vrk ajan,",,,,,,,,,,,,,,,,,,,,,,,,,,,,,,,,
,,,,,,,,,,,Ripuli on kest‰nyt 4-6 vuorokauden ajan.,,"Onko ripuli viimeisen 2 vuorokauden aikana helpottanut, pysynyt samanlaisena vai pahentunut?",valinta,Ripulioireet ovat helpottuneet viimeisen 2 vrk aikana.,"4-6 vrk ajan ollut ripulia, joka viime p‰ivin‰ helpottunut.",,,,,,,,,,,,,,,,,,,,,,,,,,,,
,,,,,,,,,,,,,,,Ripulioireet ovat pysyneet samanlaisina viimeisen 2 vrk aikana.,4-6 vrk ajan ollut ripulia.,,,,,,,,,,,,,,,,,,,,,,,,,,,,
,,,,,,,,,,,,,,,Ripulioireet ovat pahentuneet viimeisen 2 vrk aikana.,"4-6 vrk ajan ollut ripulia, joka viime p‰ivin‰ pahentunut.",,,,,,,,,,,,,,,,,,,,,,,,,,,,
,,,,,,,,,,,Ripuli on kest‰nyt 1-2 viikon ajan.,,"Onko ripuli viimeisen 2 vuorokauden aikana helpottanut, pysynyt samanlaisena vai pahentunut?",valinta,Ripulioireet ovat helpottuneet viimeisen 2 vrk aikana.,"1-2 viikon ajan ollut ripulia, joka viime p‰ivin‰ helpottunut.",,,,,,,,,,,,,,,,,,,,,,,,,,,,
,,,,,,,,,,,,,,,Ripulioireet ovat pysyneet samanlaisina viimeisen 2 vrk aikana.,1-2 viikon ajan ollut ripulia.,,,,,,,,,,,,,,,,,,,,,,,,,,,,
,,,,,,,,,,,,,,,Ripulioireet ovat pahentuneet viimeisen 2 vrk aikana.,"1-2 viikon ajan ollut ripulia, joka viime p‰ivin‰ pahentunut.",,,,,,,,,,,,,,,,,,,,,,,,,,,,
,,,,,,,,,,,Ripuli on kest‰nyt 2 viikon - 1 kk ajan.,,"Onko ripuli viimeisen 2 vuorokauden aikana helpottanut, pysynyt samanlaisena vai pahentunut?",valinta,Ripulioireet ovat helpottuneet viimeisten p‰ivien aikana.,"2 viikon - 1 kk ajan ollut ripulia, joka viime p‰ivin‰ helpottunut.",,,,,,,,,,,,,,,,,,,,,,,,,,,,
,,,,,,,,,,,,,,,Ripulioireet ovat pysyneet samanlaisina viimeisten p‰ivien aikana.,2 viikon - 1 kk ajan ollut ripulia.,,,,,,,,,,,,,,,,,,,,,,,,,,,,
,,,,,,,,,,,,,,,Ripulioireet ovat pahentuneet viimeisten p‰ivien aikana.,"2 viikon - 1 kk ajan ollut ripulia, joka viime p‰ivin‰ pahentunut.",,,,,,,,,,,,,,,,,,,,,,,,,,,,
,,,,,,,,,,,Ripuli on kest‰nyt yli 1 kk ajan.,,"Onko ripuli viimeisen 2 vuorokauden aikana helpottanut, pysynyt samanlaisena vai pahentunut?",valinta,Ripulioireet ovat helpottuneet viimeisten p‰ivien aikana.,"Yli 1 kk ajan ollut ripulia, joka viime p‰ivin‰ helpottunut.",,,,,,,,,,,,,,,,,,,,,,,,,,,,
,,,,,,,,,,,,,,,Ripulioireet ovat pysyneet samanlaisina viimeisten p‰ivien aikana.,Yli 1 kk ajan ollut ripulia.,,,,,,,,,,,,,,,,,,,,,,,,,,,,
,,,,,,,,,,,,,,,Ripulioireet ovat pahentuneet viimeisten p‰ivien aikana.,"Yli 1 kk ajan ollut ripulia, joka viime p‰ivin‰ pahentunut.",,,,,,,,,,,,,,,,,,,,,,,,,,,,
,,,,,,,,,Kuinka monta kertaa olet ulostanut viimeisen vuorokauden aikana?,valinta,Olen ulostanut 1-3 kertaa vuorokaudessa.,"Viimeisen vrk:n aikana ulostanut 1-3 kertaa, ",,,,,,,,,,,,,,,,,,,,,,,,,,,,,,,,
,,,,,,,,,,,Olen ulostanut 4-8 kertaa vuorokaudessa.,"Viimeisen vrk:n aikana ulostanut 4-8 kertaa,",,,,,,,,,,,,,,,,,,,,,,,,,,,,,,,,
,,,,,,,,,,,Olen ulostanut yli 8 kertaa vuorokaudessa.,"Viimeisen vrk:n aikana ulostanut yli 8 kertaa,",,,,,,,,,,,,,,,,,,,,,,,,,,,,,,,,
,,,,,,,,,,,En osaa sanoa.,"Ei osaa sanoa kuinka monta kertaa on ulostanut vrk:n aikana,",,,,,,,,,,,,,,,,,,,,,,,,,,,,,,,,
,,,,,,,,,Valitse seuraavista sopivin vaihtoehto.,valinta,Uloste on t‰ysin vesiripulia., vesiripulia.,,,,,,,,,,,,,,,,,,,,,,,,,,,,,,,,
,,,,,,,,,,,"Uloste on koostumukseltaan v‰lill‰ vesiripulia, v‰lill‰ lˆys‰‰ ulostetta.", vaihtelua vesiripulin ja lˆys‰n v‰lill‰.,,,,,,,,,,,,,,,,,,,,,,,,,,,,,,,,
,,,,,,,,,,,Uloste on p‰‰s‰‰ntˆisesti lˆys‰‰ ulostetta., p‰‰s‰‰ntˆisesti lˆys‰‰ ulostetta.,,,,,,,,,,,,,,,,,,,,,,,,,,,,,,,,
,,,,,,,Ei,,Onko sinulla nyt ummetusta?,valinta,Kyll‰,,Kuinka kauan sinulla on ollut ummetusta?,valinta,Minulla on ollut ummetusta alle viikon ajan.,Ummetusta ollut alle viikon ajan.,,,,,,,,,,,,,,,,,,,,,,,,,,,,
,,,,,,,,,,,,,,,Minulla on ollut ummetusta 1-4 viikon ajan.,Ummetusta ollut 1-4 viikon ajan.,,,,,,,,,,,,,,,,,,,,,,,,,,,,
,,,,,,,,,,,,,,,Minulla on ollut ummetusta yli kuukauden ajan.,Ummetusta ollut yli kuukauden ajan.,,,,,,,,,,,,,,,,,,,,,,,,,,,,
,,,,,,,,,,,,,Milloin viimeksi sin‰ olet ulostanut?,valinta,Olen ulostanut viimeksi 1-3 vuorokautta sitten.,On ulostanut viimeksi 1-3 vrk sitten.,,,,,,,,,,,,,,,,,,,,,,,,,,,,
,,,,,,,,,,,,,,,Olen ulostanut viimeksi 4-6 vuorokautta sitten.,On ulostanut viimeksi 4-6 vrk sitten.,,,,,,,,,,,,,,,,,,,,,,,,,,,,
,,,,,,,,,,,,,,,Olen ulostanut viimeksi yli viikko sitten.,On ulostanut viimeksi yli viikko sitten.,,,,,,,,,,,,,,,,,,,,,,,,,,,,
,,,,,,,,,,,Ei,"Ei ripulia, eik‰ ummetusta.",,,,,,,,,,,,,,,,,,,,,,,,,,,,,,,,
,,,,,Onko sinulla ollut tummia ulosteita?,valinta,Kyll‰,,Kuinka kauan sinulla on ollut tummia ulosteita?,valinta,Minulla on alkanut tummat ulosteet t‰n‰‰n.,T‰n‰‰n tullut tummia ulosteita.,,,,,,,,,,,,,,,,,,,,,,,,,,,,,,,,
,,,,,,,,,,,Minulla on ollut tummia ulosteita 1-3 vrk ajan.,1-3 vrk ajan on ollut tummia ulosteita.,,,,,,,,,,,,,,,,,,,,,,,,,,,,,,,,
,,,,,,,,,,,Minulla on ollut tummia ulosteita 4-6 vrk ajan.,4-6 vrk ajan on ollut tummia ulosteita.,,,,,,,,,,,,,,,,,,,,,,,,,,,,,,,,
,,,,,,,,,,,Minulla on ollut tummia ulosteita 1-2 viikon ajan.,1-2 vko ajan on ollut tummia ulosteita.,,,,,,,,,,,,,,,,,,,,,,,,,,,,,,,,
,,,,,,,,,,,Minulla on ollut tummia ulosteita 2 viikon -1 kk ajan.,2vko -1 kk ajan on ollut tummia ulosteita.,,,,,,,,,,,,,,,,,,,,,,,,,,,,,,,,
,,,,,,,,,,,Minulla on ollut tummia ulosteita yli 1 kk ajan.,Yli kk ajan on ollut tummia ulosteita.,,,,,,,,,,,,,,,,,,,,,,,,,,,,,,,,
,,,,,,,Ei,Ei tummia ulosteita.,,,,,,,,,,,,,,,,,,,,,,,,,,,,,,,,,,,,
,,,,,Onko sinulla nyt kirkasta verta ulostaessa tai pyyhkiess‰?,valinta,Kyll‰,,Kuinka kauan sinulla on ollut kirkasta verta ulostaessa tai pyyhkiess‰?,valinta,Kirkasta verta on ollut t‰st‰ p‰iv‰st‰ alkaen.,"T‰n‰‰n on tullut kirkasta verta,",,,,,,,,,,,,,,,,,,,,,,,,,,,,,,,,
,,,,,,,,,,,Kirkasta verta on ollut 1-3 vrk ajan.,"1-3 vrk ajan on tullut kirkasta verta,",,,,,,,,,,,,,,,,,,,,,,,,,,,,,,,,
,,,,,,,,,,,Kirkasta verta on ollut 4-6 vrk ajan.,"4-6 vrk ajan on tullut kirkasta verta,",,,,,,,,,,,,,,,,,,,,,,,,,,,,,,,,
,,,,,,,,,,,Kirkasta verta on ollut 1-2 viikon ajan.,"1-2 vko ajan on tullut kirkasta verta,",,,,,,,,,,,,,,,,,,,,,,,,,,,,,,,,
,,,,,,,,,,,Kirkasta verta on ollut 2 viikon -1 kk ajan.,"2vko -1 kk ajan on tullut kirkasta verta,",,,,,,,,,,,,,,,,,,,,,,,,,,,,,,,,
,,,,,,,,,,,Kirkasta verta on ollut yli 1 kk ajan.,"Yli kk ajan on tullut kirkasta verta,",,,,,,,,,,,,,,,,,,,,,,,,,,,,,,,,
,,,,,,,,,Onko verta tullut vain pyyhkiess‰ vai myˆs ulostaessa?,valinta,Minulla on ollut kirkasta verta ainoastaan pyyhkiess‰ ulostamisen j‰lkeen., vessapaperiin pyyhkiess‰.,,,,,,,,,,,,,,,,,,,,,,,,,,,,,,,,
,,,,,,,,,,,Minulla on ollut kirkasta verta ulostaessa ja pyyhkiess‰., vessapaperiin pyyhkiess‰ ja ulosteen seassa.,,,,,,,,,,,,,,,,,,,,,,,,,,,,,,,,
,,,,,,,,,Onko sinulla joskus todettu per‰pukamia?,valinta,Kyll‰,Potilaalla on todettu aikaisemmin per‰pukamia.,,,,,,,,,,,,,,,,,,,,,,,,,,,,,,,,
,,,,,,,,,,,Ei,Potilaalla ei ole todettu aikaisemmin per‰pukamia.,,,,,,,,,,,,,,,,,,,,,,,,,,,,,,,,
,,,,,,,Ei,Ei kirkasta verta ulostamisen yhteydess‰.,,,,,,,,,,,,,,,,,,,,,,,,,,,,,,,,,,,,
,,,,,Onko sinulla nyt ollut myˆs kipua ulostaessa?,valinta,Kyll‰,Ollut myˆs kipua ulostamisen yhteydess‰.,,,,,,,,,,,,,,,,,,,,,,,,,,,,,,,,,,,,
,,,,,,,Ei,Ei kipua ulostaessa.,,,,,,,,,,,,,,,,,,,,,,,,,,,,,,,,,,,,
,,,Ei,Ulostaminen normaalia/entisenlaista.,,,,,,,,,,,,,,,,,,,,,,,,,,,,,,,,,,,,,,,,
,,,En osaa sanoa,Ei osaa sanoa onko ulostaminen normaalista poikkeavaa.,,,,,,,,,,,,,,,,,,,,,,,,,,,,,,,,,,,,,,,,
,Onko sinulla viime aikoina ollut pahoinvointia?,valinta,Kyll‰,,Kuinka kauan sinulla on ollut pahoinvointia ?,valinta,Pahoinvointi on alkanut minulla t‰n‰‰n.,T‰st‰ p‰iv‰st‰ alkaen,,,,,,,,,,,,,,,,,,,,,,,,,,,,,,,,,,,,
,,,,,,,Minulla on ollut pahoinvointia 1-3 vuorokauden ajan.,1-3 vrk ajan ollut,,,,,,,,,,,,,,,,,,,,,,,,,,,,,,,,,,,,
,,,,,,,Minulla on ollut pahoinvointia 4-6 vuorokauden ajan.,4-6 vrk ajan ollut,,,,,,,,,,,,,,,,,,,,,,,,,,,,,,,,,,,,
,,,,,,,Minulla on ollut pahoinvointia 1-2 viikon ajan.,1-2 viikon ajan ollut,,,,,,,,,,,,,,,,,,,,,,,,,,,,,,,,,,,,
,,,,,,,Minulla on ollut pahoinvointia 2 viikon - 1kk ajan.,2 viikon - 1kk ajan ollut,,,,,,,,,,,,,,,,,,,,,,,,,,,,,,,,,,,,
,,,,,,,Minulla on ollut pahoinvointia yli 1 kk ajan.,Yli 1 kk ajan ollut,,,,,,,,,,,,,,,,,,,,,,,,,,,,,,,,,,,,
,,,,,Onko pahoinvointi ollut jatkuvaa vai ajoittaista vai aaltomaista?,valinta,Minulla on koko ajan jatkuvaa pahoinvointia.,,Paheneeko pahoinvointisi koko ajan?,valinta,Kyll‰,"jatkuvaa, pahenevaa pahoinvointia.",,,,,,,,,,,,,,,,,,,,,,,,,,,,,,,,
,,,,,,,,,,,Ei,"jatkuvaa pahoinvointia, joka ei ole pahentunut.",,,,,,,,,,,,,,,,,,,,,,,,,,,,,,,,
,,,,,,,"Minulla pahoinvointi vaihtelee (v‰lill‰ helpottaa, mutta ei poistu kokonaan).",,Paheneeko pahoinvointisi koko ajan?,valinta,Kyll‰,"aaltoilevaa, pahenevaa pahoinvointia.",,,,,,,,,,,,,,,,,,,,,,,,,,,,,,,,
,,,,,,,,,,,Ei,"aaltoilevaa pahoinvointia, ei ole pahentunut.",,,,,,,,,,,,,,,,,,,,,,,,,,,,,,,,
,,,,,,,Minulla on pahoinvointia ajoittain (poistuu kokonaan v‰lill‰).,,Paheneeko pahoinvointisi koko ajan?,valinta,Kyll‰,"ajoittaista, pahenevaa pahoinvointia.",,,,,,,,,,,,,,,,,,,,,,,,,,,,,,,,
,,,,,,,,,,,Ei,"ajoittaista pahoinvointia, ei ole pahentunut.",,,,,,,,,,,,,,,,,,,,,,,,,,,,,,,,
,,,Ei,Ei pahoinvointia.,,,,,,,,,,,,,,,,,,,,,,,,,,,,,,,,,,,,,,,,
,Oletko viime aikoina oksentanut?,valinta,Kyll‰,,Kuinka kauan sinulla on ollut oksentelua?,valinta,Oksentelu on alkanut minulla t‰n‰‰n.,,Kuinka monta kertaa viimeisen vuorokauden sis‰ll‰ olet oksentanut?,valinta,1-2 kertaa,"T‰n‰‰n alkanut oksentelu, viimeisen vrk aikana oksentanut 1-2 kertaa.",,,,,,,,,,,,,,,,,,,,,,,,,,,,,,,,
,,,,,,,,,,,3-5 kertaa,"T‰n‰‰n alkanut oksentelu, viimeisen vrk aikana oksentanut 3-5 kertaa.",,,,,,,,,,,,,,,,,,,,,,,,,,,,,,,,
,,,,,,,,,,,yli 5 kertaa,"T‰n‰‰n alkanut oksentelu, viimeisen vrk aikana oksentanut yli 5 kertaa.",,,,,,,,,,,,,,,,,,,,,,,,,,,,,,,,
,,,,,,,Minulla on ollut oksentelua 1-3 vuorokauden ajan.,,Kuinka monta kertaa viimeisen vuorokauden sis‰ll‰ olet oksentanut?,valinta,1-2 kertaa,"1-3 vrk ajan ollut oksentelua, viimeisen vrk aikana oksentanut 1-2 kertaa.",,,,,,,,,,,,,,,,,,,,,,,,,,,,,,,,
,,,,,,,,,,,3-5 kertaa,"1-3 vrk ajan ollut oksentelua, viimeisen vrk aikana oksentanut 3-5 kertaa.",,,,,,,,,,,,,,,,,,,,,,,,,,,,,,,,
,,,,,,,,,,,yli 5 kertaa,"1-3 vrk ajan ollut oksentelua, viimeisen vrk aikana oksentanut yli 5 kertaa.",,,,,,,,,,,,,,,,,,,,,,,,,,,,,,,,
,,,,,,,Minulla on ollut oksentelua 4-6 vuorokauden ajan.,,Onko oksentelu pahentunut?,valinta,Kyll‰,,Kuinka monta kertaa viime vuorokauden sis‰ll‰ olet oksentanut?,valinta,1-2 kertaa,"4-6 vrk ajan ollut pahenevaa oksentelua, viimeisen vrk aikana oksentanut 1-2 kertaa.",,,,,,,,,,,,,,,,,,,,,,,,,,,,
,,,,,,,,,,,,,,,3-5 kertaa,"4-6 vrk ajan ollut pahenevaa oksentelua, viimeisen vrk aikana oksentanut 3-5 kertaa.",,,,,,,,,,,,,,,,,,,,,,,,,,,,
,,,,,,,,,,,,,,,yli 5 kertaa,"4-6 vrk ajan ollut pahenevaa oksentelua, viimeisen vrk aikana oksentanut yli 5 kertaa.",,,,,,,,,,,,,,,,,,,,,,,,,,,,
,,,,,,,,,,,Ei,,Kuinka monta kertaa viime vuorokauden sis‰ll‰ olet oksentanut?,valinta,1-2 kertaa,"4-6 vrk ajan ollut oksentelua, viimeisen vrk aikana oksentanut 1-2 kertaa.",,,,,,,,,,,,,,,,,,,,,,,,,,,,
,,,,,,,,,,,,,,,3-5 kertaa,"4-6 vrk ajan ollut oksentelua, viimeisen vrk aikana oksentanut 3-5 kertaa.",,,,,,,,,,,,,,,,,,,,,,,,,,,,
,,,,,,,,,,,,,,,yli 5 kertaa,"4-6 vrk ajan ollut oksentelua, viimeisen vrk aikana oksentanut yli 5 kertaa.",,,,,,,,,,,,,,,,,,,,,,,,,,,,
,,,,,,,Minulla on ollut oksentelua 1-2 viikon ajan.,,Onko viime p‰ivin‰ oksentelu pahentunut?,valinta,Kyll‰,,Kuinka monta kertaa viimeisen vuorokauden sis‰ll‰ olet oksentanut?,valinta,1-2 kertaa,"1-2 viikon ajan ollut pahenevaa oksentelua, viimeisen vrk aikana oksentanut 1-2 kertaa.",,,,,,,,,,,,,,,,,,,,,,,,,,,,
,,,,,,,,,,,,,,,3-5 kertaa,"1-2 viikon ajan ollut pahenevaa oksentelua,  viimeisen vrk aikana oksentanut 3-5 kertaa.",,,,,,,,,,,,,,,,,,,,,,,,,,,,
,,,,,,,,,,,,,,,yli 5 kertaa,"1-2 viikon ajan ollut pahenevaa oksentelua, viimeisen vrk aikana oksentanut yli 5 kertaa.",,,,,,,,,,,,,,,,,,,,,,,,,,,,
,,,,,,,,,,,Ei,,Kuinka monta kertaa viimeisen vuorokauden sis‰ll‰ olet oksentanut?,valinta,1-2 kertaa,"1-2 viikon ajan ollut oksentelua, viimeisen vrk aikana oksentanut 1-2 kertaa.",,,,,,,,,,,,,,,,,,,,,,,,,,,,
,,,,,,,,,,,,,,,3-5 kertaa,"1-2 viikon ajan ollut oksentelua, viimeisen vrk aikana oksentanut 3-5 kertaa.",,,,,,,,,,,,,,,,,,,,,,,,,,,,
,,,,,,,,,,,,,,,yli 5 kertaa,"1-2 viikon ajan ollut oksentelua, viimeisen vrk aikana oksentanut yli 5 kertaa.",,,,,,,,,,,,,,,,,,,,,,,,,,,,
,,,,,,,Minulla on ollut oksentelua 2 viikon - 1kk ajan.,,Onko viime p‰ivin‰ oksentelu pahentunut?,valinta,Kyll‰,,Kuinka monta kertaa viimeisen vuorokauden sis‰ll‰ olet oksentanut?,valinta,1-2 kertaa,"2 viikon - 1 kk ajan ollut pahenevaa oksentelua, viimeisen vrk aikana oksentanut 1-2 kertaa.",,,,,,,,,,,,,,,,,,,,,,,,,,,,
,,,,,,,,,,,,,,,3-5 kertaa,"2 viikon - 1 kk ajan ollut pahenevaa oksentelua, viimeisen vrk aikana oksentanut 3-5 kertaa.",,,,,,,,,,,,,,,,,,,,,,,,,,,,
,,,,,,,,,,,,,,,yli 5 kertaa,"2 viikon - 1 kk ajan ollut pahenevaa oksentelua, viimeisen vrk aikana oksentanut yli 5 kertaa.",,,,,,,,,,,,,,,,,,,,,,,,,,,,
,,,,,,,,,,,Ei,,Kuinka monta kertaa viimeisen vuorokauden sis‰ll‰ olet oksentanut?,valinta,1-2 kertaa,"2 viikon - 1 kk ajan ollut oksentelua, viimeisen vrk aikana oksentanut 1-2 kertaa.",,,,,,,,,,,,,,,,,,,,,,,,,,,,
,,,,,,,,,,,,,,,3-5 kertaa,"2 viikon - 1 kk ajan ollut oksentelua, viimeisen vrk aikana oksentanut 3-5 kertaa.",,,,,,,,,,,,,,,,,,,,,,,,,,,,
,,,,,,,,,,,,,,,yli 5 kertaa,"2 viikon - 1 kk ajan ollut oksentelua, viimeisen vrk aikana oksentanut yli 5 kertaa.",,,,,,,,,,,,,,,,,,,,,,,,,,,,
,,,,,,,Minulla on ollut oksentelua yli kuukauden ajan.,,Onko viime p‰ivin‰ oksentelu pahentunut?,valinta,Kyll‰,,Kuinka monta kertaa viimeisen vuorokauden sis‰ll‰ olet oksentanut?,valinta,1-2 kertaa,"Yli 1 kk ajan ollut pahenevaa oksentelua, viimeisen vrk aikana oksentanut 1-2 kertaa.",,,,,,,,,,,,,,,,,,,,,,,,,,,,
,,,,,,,,,,,,,,,3-5 kertaa,"Yli 1 kk ajan ollut pahenevaa oksentelua, viimeisen vrk aikana oksentanut 3-5 kertaa.",,,,,,,,,,,,,,,,,,,,,,,,,,,,
,,,,,,,,,,,,,,,yli 5 kertaa,"Yli 1 kk ajan ollut pahenevaa oksentelua, viimeisen vrk aikana oksentanut yli 5 kertaa.",,,,,,,,,,,,,,,,,,,,,,,,,,,,
,,,,,,,,,,,Ei,,Kuinka monta kertaa viimeisen vuorokauden sis‰ll‰ olet oksentanut?,valinta,1-2 kertaa,"Yli 1 kk ajan ollut oksentelua, viimeisen vrk aikana oksentanut 1-2 kertaa.",,,,,,,,,,,,,,,,,,,,,,,,,,,,
,,,,,,,,,,,,,,,3-5 kertaa,"Yli 1 kk ajan ollut oksentelua, viimeisen vrk aikana oksentanut 3-5 kertaa.",,,,,,,,,,,,,,,,,,,,,,,,,,,,
,,,,,,,,,,,,,,,yli 5 kertaa,"Yli 1 kk ajan ollut oksentelua, viimeisen vrk aikana oksentanut yli 5 kertaa.",,,,,,,,,,,,,,,,,,,,,,,,,,,,
,,,,,Onko tullut verta oksennuksen mukana?,valinta,Kyll‰,,Milloin verta on tullut ensimm‰isen kerran oksennuksen mukana?,valinta,T‰n‰‰n,,Kuinka monta kertaa verta on tullut oksennuksen mukana?,valinta,Kerran,T‰n‰‰n on kerran tullut oksennuksen seassa verta.,,,,,,,,,,,,,,,,,,,,,,,,,,,,
,,,,,,,,,,,,,,,2-3 kertaa,T‰n‰‰n on 2-3 kertaa tullut oksennuksen seassa verta.,,,,,,,,,,,,,,,,,,,,,,,,,,,,
,,,,,,,,,,,,,,,Yli 3 kertaa,T‰n‰‰n on yli 3 kertaa tullut oksennuksen seassa  verta.,,,,,,,,,,,,,,,,,,,,,,,,,,,,
,,,,,,,,,,,1-3 vrk:tta sitten,,Kuinka monta kertaa verta on tullut oksennuksen mukana?,valinta,Kerran,1-3 vrk sitten on ollut kertaalleen oksennuksen seassa verta.,,,,,,,,,,,,,,,,,,,,,,,,,,,,
,,,,,,,,,,,,,,,2-4 kertaa,1-3 vrk aikana on ollut 2-4 kertaa oksennuksen seassa verta.,,,,,,,,,,,,,,,,,,,,,,,,,,,,
,,,,,,,,,,,,,,,yli 5 kertaa,1-3 vrk aikana on ollut yli 5 kertaa oksennuksen seassa verta.,,,,,,,,,,,,,,,,,,,,,,,,,,,,
,,,,,,,,,,,4-6 vrk:tta sitten,,Kuinka monta kertaa verta on tullut oksennuksen mukana?,valinta,Kerran,4-6 vrk sitten on kertaalleen oksennuksen seassa on ollut verta.,,,,,,,,,,,,,,,,,,,,,,,,,,,,
,,,,,,,,,,,,,,,2-4 kertaa,,Milloin viimeksi on verta tullut oksennuksen seassa?,valinta,T‰n‰‰n,"4-6 vrk aikana on ollut 2-4 kertaa oksennuksen seassa verta, viimeksi t‰n‰‰n.",,,,,,,,,,,,,,,,,,,,,,,,
,,,,,,,,,,,,,,,,,,,1-2 vrk:tta sitten,"4-6 vrk aikana on ollut 2-4 kertaa oksennuksen seassa verta, viimeksi 1-2 vrk:tta sitten.",,,,,,,,,,,,,,,,,,,,,,,,
,,,,,,,,,,,,,,,,,,,Yli 2 vrk:tta sitten,"4-6 vrk aikana on ollut 2-4 kertaa oksennuksen seassa verta, viimeksi yli 2 vrk:tta sitten.",,,,,,,,,,,,,,,,,,,,,,,,
,,,,,,,,,,,,,,,yli 5 kertaa,,Milloin viimeksi on verta tullut oksennuksen seassa?,valinta,T‰n‰‰n,"4-6 vrk aikana on tullut yli 5 kertaa oksennuksen seassa verta, viimeksi t‰n‰‰n.",,,,,,,,,,,,,,,,,,,,,,,,
,,,,,,,,,,,,,,,,,,,1-2 vrk:tta sitten,"4-6 vrk aikana on ollut yli 5 kertaa oksennuksen seassa verta, viimeksi 1-2 vrk:tta sitten.",,,,,,,,,,,,,,,,,,,,,,,,
,,,,,,,,,,,,,,,,,,,Yli 2 vrk:tta sitten,"4-6 vrk aikana on ollut yli 5ckertaa oksennuksen seassa verta, viimeksi yli 2 vrk:tta sitten.",,,,,,,,,,,,,,,,,,,,,,,,
,,,,,,,,,,,1-2 viikkoa sitten,,Kuinka monta kertaa verta on tullut oksennuksen mukana?,valinta,Kerran,1-2 vko sitten on kertaalleen oksennuksen seassa on ollut verta.,,,,,,,,,,,,,,,,,,,,,,,,,,,,
,,,,,,,,,,,,,,,2-4 kertaa,,Milloin viimeksi on verta tullut oksennuksen seassa?,valinta,T‰n‰‰n,"1-2 viikon aikana on ollut 2-4 kertaa oksennuksen seassa verta, viimeksi t‰n‰‰n.",,,,,,,,,,,,,,,,,,,,,,,,
,,,,,,,,,,,,,,,,,,,1-3 vrk:tta sitten,"1-2 viikon aikana on ollut 2-4 kertaa oksennuksen seassa verta, viimeksi 1-3 vrk:tta sitten.",,,,,,,,,,,,,,,,,,,,,,,,
,,,,,,,,,,,,,,,,,,,4-6 vrk:tta sitten,"1-2 viikon aikana on ollut 2-4 kertaa oksennuksen seassa verta, viimeksi 4-6 vrk:tta sitten.",,,,,,,,,,,,,,,,,,,,,,,,
,,,,,,,,,,,,,,,,,,,Yli viikko sitten,"1-2 viikon aikana on ollut 2-4 kertaa oksennuksen seassa verta, viimeksi yli viikko sitten.",,,,,,,,,,,,,,,,,,,,,,,,
,,,,,,,,,,,,,,,yli 5 kertaa,,Milloin viimeksi on verta tullut oksennuksen seassa?,valinta,T‰n‰‰n,"1-2 viikon aikana on ollut yli 5 kertaa oksennuksen seassa verta, viimeksi t‰n‰‰n.",,,,,,,,,,,,,,,,,,,,,,,,
,,,,,,,,,,,,,,,,,,,1-3 vrk:tta sitten,"1-2 viikon aikana on ollut yli 5 kertaa oksennuksen seassa verta, viimeksi 1-3 vrk:tta sitten.",,,,,,,,,,,,,,,,,,,,,,,,
,,,,,,,,,,,,,,,,,,,4-6 vrk:tta sitten,"1-2 viikon aikana on ollut yli 5 kertaa oksennuksen seassa verta, viimeksi 4-6 vrk:tta sitten.",,,,,,,,,,,,,,,,,,,,,,,,
,,,,,,,,,,,,,,,,,,,Yli viikko sitten,"1-2 viikon aikana on ollut yli 5 kertaa oksennuksen seassa verta, viimeksi yli viikko sitten.",,,,,,,,,,,,,,,,,,,,,,,,
,,,,,,,,,,,Yli 2 viikkoa sitten,,Kuinka monta kertaa verta on tullut oksennuksen mukana?,valinta,Kerran,Yli 2 vko sitten on kertaalleen oksennuksen seassa on ollut verta.,,,,,,,,,,,,,,,,,,,,,,,,,,,,
,,,,,,,,,,,,,,,2-4 kertaa,,Milloin viimeksi on verta tullut oksennuksen seassa?,valinta,T‰n‰‰n,"Yli 2 viikon aikana on ollut 2-4 kertaa oksennuksen seassa verta, viimeksi t‰n‰‰n.",,,,,,,,,,,,,,,,,,,,,,,,
,,,,,,,,,,,,,,,,,,,1-3 vrk:tta sitten,"Yli 2 viikon aikana on ollut 2-4 kertaa oksennuksen seassa verta, viimeksi 1-3 vrk:tta sitten.",,,,,,,,,,,,,,,,,,,,,,,,
,,,,,,,,,,,,,,,,,,,4-6 vrk:tta sitten,"Yli 2 viikon aikana on ollut 2-4 kertaa oksennuksen seassa verta, viimeksi 4-6 vrk:tta sitten.",,,,,,,,,,,,,,,,,,,,,,,,
,,,,,,,,,,,,,,,,,,,Yli viikko sitten,"Yli 2 viikon aikana on ollut 2-4 kertaa oksennuksen seassa verta, viimeksi yli viikko sitten.",,,,,,,,,,,,,,,,,,,,,,,,
,,,,,,,,,,,,,,,yli 5 kertaa,,Milloin viimeksi on verta tullut oksennuksen seassa?,valinta,T‰n‰‰n,"Yli 2 viikon aikana on ollut yli 5 kertaa oksennuksen seassa verta, viimeksi t‰n‰‰n.",,,,,,,,,,,,,,,,,,,,,,,,
,,,,,,,,,,,,,,,,,,,1-3 vrk:tta sitten,"Yli 2 viikon aikana on ollut yli 5 kertaa oksennuksen seassa verta, viimeksi 1-3 vrk:tta sitten.",,,,,,,,,,,,,,,,,,,,,,,,
,,,,,,,,,,,,,,,,,,,4-6 vrk:tta sitten,"Yli 2 viikon aikana on ollut yli 5 kertaa oksennuksen seassa verta, viimeksi 4-6 vrk:tta sitten.",,,,,,,,,,,,,,,,,,,,,,,,
,,,,,,,,,,,,,,,,,,,Yli viikko sitten,"Yli 2 viikon aikana on ollut yli 5 kertaa oksennuksen seassa verta, viimeksi yli viikko sitten.",,,,,,,,,,,,,,,,,,,,,,,,
,,,,,,,Ei,Ei verta oksennuksen seassa.,,,,,,,,,,,,,,,,,,,,,,,,,,,,,,,,,,,,
,,,,,,,En osaa sanoa,Ei osaa sanoa onko tullut verta oksennuksen mukana.,,,,,,,,,,,,,,,,,,,,,,,,,,,,,,,,,,,,
,,,Ei,Ei oksentelua.,,,,,,,,,,,,,,,,,,,,,,,,,,,,,,,,,,,,,,,,
,Onko sinulla viime aikoina ollut n‰r‰styst‰?,valinta,Kyll‰,,Valitse seuraavista parhaiten sopiva vaihtoehto,valinta,N‰r‰styst‰ on esiintynyt p‰ivitt‰in.,N‰r‰styst‰ p‰ivitt‰in.,,,,,,,,,,,,,,,,,,,,,,,,,,,,,,,,,,,,
,,,,,,,N‰r‰styst‰ on esiintynyt ajoittain.,N‰r‰styst‰ ajoittain.,,,,,,,,,,,,,,,,,,,,,,,,,,,,,,,,,,,,
,,,Ei,Ei n‰r‰styst‰.,,,,,,,,,,,,,,,,,,,,,,,,,,,,,,,,,,,,,,,,
,,,En osaa sanoa,Ei osaa sanoa onko ollut n‰r‰styst‰.,,,,,,,,,,,,,,,,,,,,,,,,,,,,,,,,,,,,,,,,
NAISET,"Onko sinulla viime aikoina esiintynyt poikkeavia gynekologisia oireita (vuotoa, kipua, kirvely‰ yms)",valinta,Kyll‰,,Onko sinulla nyt ollut poikkeavaa vuotoa em‰ttimest‰.,valinta,Kyll‰,,Kuinka kauan sinulla on ollut poikkeavaa vuotoa?,valinta,Oireet ovat alkaneet minulla t‰n‰‰n.,,Mink‰laista vuotoa sinulla on ollut?,valinta,Minulla on lis‰‰ntynytt‰ valkovuotoa,T‰n‰‰n tullut norm. enemm‰n valkovuotoa.,,,,,,,,,,,,,,,,,,,,,,,,,,,,
,,,,,,,,,,,,,,,Minulla on kellert‰v‰‰ vuotoa,T‰n‰‰n tullut kellert‰v‰‰ vuotoa em‰ttimest‰.,,,,,,,,,,,,,,,,,,,,,,,,,,,,
,,,,,,,,,,,,,,,Minulla on rusehtavaa vuotoa,T‰n‰‰n tullut rusehtavaa vuotoa em‰ttimest‰.,,,,,,,,,,,,,,,,,,,,,,,,,,,,
,,,,,,,,,,,,,,,Minulla on verist‰ vuotoa,T‰n‰‰n alkanut verinen vuoto em‰ttimest‰.,,,,,,,,,,,,,,,,,,,,,,,,,,,,
,,,,,,,,,,,,,,,"Minulla on poikkeavaa vuotoa, mutta en osaa sanoa mill‰ tavalla poikkeavaa.","T‰n‰‰n alkanut poikkeava vuoto em‰ttimest‰, ei osaa sanoa mill‰ tavalla poikkeavaa.",,,,,,,,,,,,,,,,,,,,,,,,,,,,
,,,,,,,,,,,Minulla on ollut oireita 1-3 vrk ajan.,,Mink‰laista vuotoa sinulla on ollut?,valinta,Minulla on lis‰‰ntynytt‰ valkovuotoa,1-3 vrk ajan ollut norm. enemm‰n valkovuotoa.,,,,,,,,,,,,,,,,,,,,,,,,,,,,
,,,,,,,,,,,,,,,Minulla on kellert‰v‰‰ vuotoa,1-3 vrk ajan ollut kellert‰v‰‰ vuotoa em‰ttimest‰.,,,,,,,,,,,,,,,,,,,,,,,,,,,,
,,,,,,,,,,,,,,,Minulla on rusehtavaa vuotoa,1-3 vrk ajan ollut rusehtavaa vuotoa em‰ttimest‰.,,,,,,,,,,,,,,,,,,,,,,,,,,,,
,,,,,,,,,,,,,,,Minulla on verist‰ vuotoa,1-3 vrk ajan ollut verist‰ vuotoa em‰ttimest‰.,,,,,,,,,,,,,,,,,,,,,,,,,,,,
,,,,,,,,,,,,,,,"Minulla on poikkeavaa vuotoa, mutta en osaa sanoa mill‰ tavalla poikkeavaa.","1-3 vrk:n ajan ollut poikkeavaa vuotoa em‰ttimest‰, ei osaa sanoa mill‰ tavalla poikkeavaa.",,,,,,,,,,,,,,,,,,,,,,,,,,,,
,,,,,,,,,,,Minulla on ollut oireita 4-6 vrk ajan.,,Mink‰laista vuotoa sinulla on ollut?,valinta,Minulla on lis‰‰ntynytt‰ valkovuotoa,4-6 vrk ajan ollut norm. enemm‰n valkovuotoa.,,,,,,,,,,,,,,,,,,,,,,,,,,,,
,,,,,,,,,,,,,,,Minulla on kellert‰v‰‰ vuotoa,4-6 vrk ajan ollut kellert‰v‰‰ vuotoa em‰ttimest‰.,,,,,,,,,,,,,,,,,,,,,,,,,,,,
,,,,,,,,,,,,,,,Minulla on rusehtavaa vuotoa,4-6 vrk ajan ollut rusehtavaa vuotoa em‰ttimest‰.,,,,,,,,,,,,,,,,,,,,,,,,,,,,
,,,,,,,,,,,,,,,Minulla on verist‰ vuotoa,,Onko verinen vuoto lis‰‰ntynyt koko ajan?,valinta,Kyll‰,4-6 vrk ajan ollut koko ajan lis‰‰ntyv‰‰ verist‰ vuotoa.,,,,,,,,,,,,,,,,,,,,,,,,
,,,,,,,,,,,,,,,,,,,Ei,4-6 vrk ajan ollut verist‰ vuotoa.,,,,,,,,,,,,,,,,,,,,,,,,
,,,,,,,,,,,,,,,Minulla on ep‰m‰‰r‰ist‰ vuotoa ts. en osaa kuvailla vuotoa,4-6 vrk:n ajan ep‰m‰‰r‰ist‰ vuotoa em‰ttimest‰.,,,,,,,,,,,,,,,,,,,,,,,,,,,,
,,,,,,,,,,,Minulla on ollut oireita 1-2 viikon ajan.,,Mink‰laista vuotoa sinulla on ollut?,valinta,Minulla on lis‰‰ntynytt‰ valkovuotoa,1-2 vko ajan ollut norm. enemm‰n valkovuotoa.,,,,,,,,,,,,,,,,,,,,,,,,,,,,
,,,,,,,,,,,,,,,Minulla on kellert‰v‰‰ vuotoa,1-2 vko ajan ollut kellert‰v‰‰ vuotoa em‰ttimest‰.,,,,,,,,,,,,,,,,,,,,,,,,,,,,
,,,,,,,,,,,,,,,Minulla on rusehtavaa vuotoa,1-2 vko ajan ollut rusehtavaa vuotoa em‰ttimest‰.,,,,,,,,,,,,,,,,,,,,,,,,,,,,
,,,,,,,,,,,,,,,Minulla on verist‰ vuotoa,,Onko verinen vuoto lis‰‰ntynyt koko ajan?,valinta,Kyll‰,1-2 vko ajan ollut koko ajan lis‰‰ntyv‰‰ verist‰ vuotoa.,,,,,,,,,,,,,,,,,,,,,,,,
,,,,,,,,,,,,,,,,,,,Ei,1-2 vko ajan ollut verist‰ vuotoa.,,,,,,,,,,,,,,,,,,,,,,,,
,,,,,,,,,,,,,,,Minulla on ep‰m‰‰r‰ist‰ vuotoa ts. en osaa kuvailla vuotoa,1-2 vko:n ajan ep‰m‰‰r‰ist‰ vuotoa em‰ttimest‰.,,,,,,,,,,,,,,,,,,,,,,,,,,,,
,,,,,,,,,,,Minulla on ollut oireita yli 2 viikon ajan.,,Mink‰laista vuotoa sinulla on ollut?,valinta,Minulla on lis‰‰ntynytt‰ valkovuotoa,Yli 2 vko ajan ollut norm. enemm‰n valkovuotoa.,,,,,,,,,,,,,,,,,,,,,,,,,,,,
,,,,,,,,,,,,,,,Minulla on kellert‰v‰‰ vuotoa,Yli 2 vko ajan ollut kellert‰v‰‰ vuotoa.,,,,,,,,,,,,,,,,,,,,,,,,,,,,
,,,,,,,,,,,,,,,Minulla on rusehtavaa vuotoa,Yli 2 vko ajan ollut rusehtavaa vuotoa.,,,,,,,,,,,,,,,,,,,,,,,,,,,,
,,,,,,,,,,,,,,,Minulla on verist‰ vuotoa,,Onko verinen vuoto lis‰‰ntynyt koko ajan?,valinta,Kyll‰,Yli 2 vko ajan ollut koko ajan lis‰‰ntyv‰‰ verist‰ vuotoa.,,,,,,,,,,,,,,,,,,,,,,,,
,,,,,,,,,,,,,,,,,,,Ei,Yli 2 vko ajan ollut koko ajan lis‰‰ntyv‰‰ verist‰ vuotoa.,,,,,,,,,,,,,,,,,,,,,,,,
,,,,,,,,,,,,,,,Minulla on ep‰m‰‰r‰ist‰ vuotoa ts. en osaa kuvailla vuotoa,Yli 2 vko:n ajan ollut ep‰m‰‰r‰ist‰ vuotoa em‰ttimest‰.,,,,,,,,,,,,,,,,,,,,,,,,,,,,
,,,,,,,Ei,Ei poikkeavaa gyn. vuotoa.,,,,,,,,,,,,,,,,,,,,,,,,,,,,,,,,,,,,
,,,,,,,En osaa sanoa,Ei osaa sanoa onko ollut poikkeavaa gyn.vuotoa.,,,,,,,,,,,,,,,,,,,,,,,,,,,,,,,,,,,,
,,,,,Onko sinulla kutinaa sukupuolielimiss‰?,valinta,Kyll‰,,Onko sinulla kirvely‰ sukupuolielimiss‰?,valinta,Kyll‰,,Onko sinulla kipua sukupuolielimiss‰?,valinta,Kyll‰,,Kuinka kauan n‰it‰ oireita on esiintynyt?,valinta,Oireet ovat alkaneet t‰n‰‰n,"T‰n‰‰n alkanut kutinaa, kirvely‰ ja kipua genitaalialueella.",,,,,,,,,,,,,,,,,,,,,,,,
,,,,,,,,,,,,,,,,,,,Oireita on ollut 1-3 vrk ajan,,Ovatko oireet pahentuneet koko ajan?,valinta,Kyll‰,"1-3 vrk ajan ollut pahenevaa kutinaa, kirvely‰ ja kipua genitaalialueella.",,,,,,,,,,,,,,,,,,,,
,,,,,,,,,,,,,,,,,,,,,,,Ei,"1-3 vrk ajan ollut kutinaa, kirvely‰ ja kipua genitaalialueella.",,,,,,,,,,,,,,,,,,,,
,,,,,,,,,,,,,,,,,,,Oireita on ollut 4-6 vrk ajan,,Ovatko oireet pahentuneet koko ajan?,valinta,Kyll‰,"4-6 vrk ajan ollut pahenevaa kutinaa, kirvely‰ ja kipua genitaalialueella.",,,,,,,,,,,,,,,,,,,,
,,,,,,,,,,,,,,,,,,,,,,,Ei,"4-6 vrk ajan ollut kutinaa, kirvely‰ ja kipua genitaalialueella.",,,,,,,,,,,,,,,,,,,,
,,,,,,,,,,,,,,,,,,,Oireita on ollut 1-2 vko ajan,,Ovatko oireet pahentuneet koko ajan?,valinta,Kyll‰,"1-2 vko ajan ollut pahenevaa kutinaa, kirvely‰ ja kipua genitaalialueella.",,,,,,,,,,,,,,,,,,,,
,,,,,,,,,,,,,,,,,,,,,,,Ei,"1-2 vko ajan ollut kutinaa, kirvely‰ ja kipua genitaalialueella.",,,,,,,,,,,,,,,,,,,,
,,,,,,,,,,,,,,,,,,,Oireita on ollut yli 2 vko ajan,,Ovatko oireet pahentuneet koko ajan?,valinta,Kyll‰,"yli 2 vko ajan ollut pahenevaa kutinaa, kirvely‰ ja kipua genitaalialueella.",,,,,,,,,,,,,,,,,,,,
,,,,,,,,,,,,,,,,,,,,,,,Ei,"Yli 2 vko ajan ollut kutinaa, kirvely‰ ja kipua genitaalialueella.",,,,,,,,,,,,,,,,,,,,
,,,,,,,,,,,,,,,Ei,,Kuinka kauan kutinaa ja kirvely‰ on esiintynyt?,valinta,Oireet ovat alkaneet t‰n‰‰n,T‰n‰‰n alkanut kutinaa ja kirvely‰ genitaalialueella.,,,,,,,,,,,,,,,,,,,,,,,,
,,,,,,,,,,,,,,,,,,,Oireita on ollut 1-3 vrk ajan,,Ovatko oireet pahentuneet koko ajan?,valinta,Kyll‰,1-3 vrk ajan ollut pahenevaa kutinaa ja kirvely‰ genitaalialueella.,,,,,,,,,,,,,,,,,,,,
,,,,,,,,,,,,,,,,,,,,,,,Ei,1-3 vrk ajan ollut kutinaa ja kirvely‰ genitaalialueella.,,,,,,,,,,,,,,,,,,,,
,,,,,,,,,,,,,,,,,,,Oireita on ollut 4-6 vrk ajan,,Ovatko oireet pahentuneet koko ajan?,valinta,Kyll‰,4-6 vrk ajan ollut pahenevaa kutinaa ja kirvely‰ genitaalialueella.,,,,,,,,,,,,,,,,,,,,
,,,,,,,,,,,,,,,,,,,,,,,Ei,4-6 vrk ajan ollut kutinaa ja kirvely‰ genitaalialueella.,,,,,,,,,,,,,,,,,,,,
,,,,,,,,,,,,,,,,,,,Oireita on ollut 1-2 vko ajan,,Ovatko oireet pahentuneet koko ajan?,valinta,Kyll‰,1-2 vko ajan ollut pahenevaa kutinaa ja kirvely‰ genitaalialueella.,,,,,,,,,,,,,,,,,,,,
,,,,,,,,,,,,,,,,,,,,,,,Ei,1-2 vko ajan ollut kutinaa ja kirvely‰ genitaalialueella.,,,,,,,,,,,,,,,,,,,,
,,,,,,,,,,,,,,,,,,,Oireita on ollut yli 2 vko ajan,,Ovatko oireet pahentuneet koko ajan?,valinta,Kyll‰,yli 2 vko ajan ollut pahenevaa kutinaa ja kirvely‰ genitaalialueella.,,,,,,,,,,,,,,,,,,,,
,,,,,,,,,,,,,,,,,,,,,,,Ei,yli 2 vko ajan ollut kutinaa ja kirvely‰ sukupuolielimiss‰.,,,,,,,,,,,,,,,,,,,,
,,,,,,,,,,,Ei,,Onko sinulla kipua sukupuolielimiss‰?,valinta,Kyll‰,,Kuinka kauan kutinaa ja kipua on esiintynyt?,valinta,Oireet ovat alkaneet t‰n‰‰n,T‰n‰‰n alkanut kutinaa ja kipua genitaalialueella.,,,,,,,,,,,,,,,,,,,,,,,,
,,,,,,,,,,,,,,,,,,,Oireita on ollut 1-3 vrk ajan,,Ovatko oireet pahentuneet koko ajan?,valinta,Kyll‰,1-3 vrk ajan ollut pahenevaa kutinaa ja kipua genitaalialueella.,,,,,,,,,,,,,,,,,,,,
,,,,,,,,,,,,,,,,,,,,,,,Ei,1-3 vrk ajan ollut kutinaa ja kipua genitaalialueella.,,,,,,,,,,,,,,,,,,,,
,,,,,,,,,,,,,,,,,,,Oireita on ollut 4-6 vrk ajan,,Ovatko oireet pahentuneet koko ajan?,valinta,Kyll‰,4-6 vrk ajan ollut pahenevaa kutinaa ja kipua genitaalialueella.,,,,,,,,,,,,,,,,,,,,
,,,,,,,,,,,,,,,,,,,,,,,Ei,4-6 vrk ajan ollut kutinaa ja kipua genitaalialueella.,,,,,,,,,,,,,,,,,,,,
,,,,,,,,,,,,,,,,,,,Oireita on ollut 1-2 vko ajan,,Ovatko oireet pahentuneet koko ajan?,valinta,Kyll‰,1-2 vko ajan ollut pahenevaa kutinaa ja kipua genitaalialueella.,,,,,,,,,,,,,,,,,,,,
,,,,,,,,,,,,,,,,,,,,,,,Ei,1-2 vko ajan ollut kutinaa ja kipua genitaalialueella.,,,,,,,,,,,,,,,,,,,,
,,,,,,,,,,,,,,,,,,,Oireita on ollut yli 2 vko ajan,,Ovatko oireet pahentuneet koko ajan?,valinta,Kyll‰,yli 2 vko ajan ollut pahenevaa kutinaa ja kipua genitaalialueella.,,,,,,,,,,,,,,,,,,,,
,,,,,,,,,,,,,,,,,,,,,,,Ei,yli 2 vko ajan ollut kutinaa ja kipua genitaalialueella.,,,,,,,,,,,,,,,,,,,,
,,,,,,,,,,,,,,,Ei,,Kuinka kauan kutinaa on esiintynyt?,valinta,Kutina on alkanut t‰n‰‰n,"T‰n‰‰n on alkanut kutina genitaalialueella, ei kirvely‰/kipua.",,,,,,,,,,,,,,,,,,,,,,,,
,,,,,,,,,,,,,,,,,,,Kutinaa on ollut 1-3 vrk ajan,,Ovatko oireet pahentuneet koko ajan?,valinta,Kyll‰,1-3 vrk ajan ollut pahenevaa kutinaa genitaalialueella. Ei kirvely‰/kipua.,,,,,,,,,,,,,,,,,,,,
,,,,,,,,,,,,,,,,,,,,,,,Ei,1-3 vrk ajan ollut kutinaa genitaalialueella. Ei kirvely‰/kipua.,,,,,,,,,,,,,,,,,,,,
,,,,,,,,,,,,,,,,,,,Kutinaa on ollut 4-6 vrk ajan,,Ovatko oireet pahentuneet koko ajan?,valinta,Kyll‰,4-6 vrk ajan ollut pahenevaa kutinaa genitaalialueella. Ei kirvely‰/kipua.,,,,,,,,,,,,,,,,,,,,
,,,,,,,,,,,,,,,,,,,,,,,Ei,4-6 vrk ajan ollut kutinaa genitaalialueella. Ei kirvely‰/kipua.,,,,,,,,,,,,,,,,,,,,
,,,,,,,,,,,,,,,,,,,Kutinaa on ollut 1-2 vko ajan,,Ovatko oireet pahentuneet koko ajan?,valinta,Kyll‰,1-2 vko ajan ollut pahenevaa kutinaa genitaalialueella. Ei kirvely‰/kipua.,,,,,,,,,,,,,,,,,,,,
,,,,,,,,,,,,,,,,,,,,,,,Ei,1-2 vko ajan ollut kutinaa genitaalialueella. Ei kirvely‰/kipua.,,,,,,,,,,,,,,,,,,,,
,,,,,,,,,,,,,,,,,,,Kutinaa on ollut yli 2 vko ajan,,Ovatko oireet pahentuneet koko ajan?,valinta,Kyll‰,yli 2 vko ajan ollut pahenevaa kutinaa genitaalialueella. Ei kirvely‰/kipua.,,,,,,,,,,,,,,,,,,,,
,,,,,,,,,,,,,,,,,,,,,,,Ei,yli 2 vko ajan ollut kutinaa genitaalialueella. Ei kirvely‰/kipua.,,,,,,,,,,,,,,,,,,,,
,,,,,,,Ei,,Onko sinulla kirvely‰ sukupuolielimiss‰?,valinta,Kyll‰,,Onko sinulla kipua sukupuolielimiss‰?,valinta,Kyll‰,,Kuinka kauan kirvely‰ ja kipua on esiintynyt?,valinta,Oireet ovat alkaneet t‰n‰‰n,T‰n‰‰n on alkanut kirvely ja kipu genitaalialueella. Ei kutinaa.,,,,,,,,,,,,,,,,,,,,,,,,
,,,,,,,,,,,,,,,,,,,Oireita on ollut 1-3 vrk ajan,,Ovatko oireet pahentuneet koko ajan?,valinta,Kyll‰,1-3 vrk ajan ollut pahenevaa kirvely‰ ja kipua genitaalialueella. Ei kutinaa.,,,,,,,,,,,,,,,,,,,,
,,,,,,,,,,,,,,,,,,,,,,,Ei,1-3 vrk ajan ollut kirvely‰ ja kipua genitaalialueella. Ei kutinaa.,,,,,,,,,,,,,,,,,,,,
,,,,,,,,,,,,,,,,,,,Oireita on ollut 4-6 vrk ajan,,Ovatko oireet pahentuneet koko ajan?,valinta,Kyll‰,4-6 vrk ajan ollut pahenevaa kirvely‰ ja kipua genitaalialueella. Ei kutinaa.,,,,,,,,,,,,,,,,,,,,
,,,,,,,,,,,,,,,,,,,,,,,Ei,4-6 vrk ajan ollut kirvely‰ ja kipua genitaalialueella. Ei kutinaa.,,,,,,,,,,,,,,,,,,,,
,,,,,,,,,,,,,,,,,,,Oireita on ollut 1-2 vko ajan,,Ovatko oireet pahentuneet koko ajan?,valinta,Kyll‰,1-2 vko ajan ollut pahenevaa kirvely‰ ja kipua genitaalialueella. Ei kutinaa.,,,,,,,,,,,,,,,,,,,,
,,,,,,,,,,,,,,,,,,,,,,,Ei,1-2 vko ajan ollut kirvely‰ ja kipua genitaalialueella. Ei kutinaa.,,,,,,,,,,,,,,,,,,,,
,,,,,,,,,,,,,,,,,,,Oireita on ollut yli 2 vko ajan,,Ovatko oireet pahentuneet koko ajan?,valinta,Kyll‰,yli 2 vko ajan ollut pahenevaa kirvely‰ ja kipua genitaalialueella. Ei kutinaa.,,,,,,,,,,,,,,,,,,,,
,,,,,,,,,,,,,,,,,,,,,,,Ei,yli 2 vko ajan ollut kirvely‰ ja kipua genitaalialueella. Ei kutinaa.,,,,,,,,,,,,,,,,,,,,
,,,,,,,,,,,,,,,Ei,,Kuinka kauan kirvely‰ on esiintynyt?,valinta,Kirvely on alkanut t‰n‰‰n,T‰n‰‰n on alkanut kirvely genitaalialueella. Ei kutinaa.,,,,,,,,,,,,,,,,,,,,,,,,
,,,,,,,,,,,,,,,,,,,Kirvely‰ on ollut 1-3 vrk ajan,,Ovatko oireet pahentuneet koko ajan?,valinta,Kyll‰,1-3 vrk ajan ollut pahenevaa kirvely‰ genitaalialueella. Ei kutinaa.,,,,,,,,,,,,,,,,,,,,
,,,,,,,,,,,,,,,,,,,,,,,Ei,1-3 vrk ajan ollut kirvely‰ genitaalialueella. Ei kutinaa.,,,,,,,,,,,,,,,,,,,,
,,,,,,,,,,,,,,,,,,,Kirvely‰ on ollut 4-6 vrk ajan,,Ovatko oireet pahentuneet koko ajan?,valinta,Kyll‰,4-6 vrk ajan ollut pahenevaa kirvely‰ genitaalialueella. Ei kutinaa.,,,,,,,,,,,,,,,,,,,,
,,,,,,,,,,,,,,,,,,,,,,,Ei,4-6 vrk ajan ollut kirvely‰ genitaalialueella. Ei kutinaa.,,,,,,,,,,,,,,,,,,,,
,,,,,,,,,,,,,,,,,,,Kirvely‰ on ollut 1-2 vko ajan,,Ovatko oireet pahentuneet koko ajan?,valinta,Kyll‰,1-2 vko ajan ollut pahenevaa kirvely‰ genitaalialueella. Ei kutinaa.,,,,,,,,,,,,,,,,,,,,
,,,,,,,,,,,,,,,,,,,,,,,Ei,1-2 vko ajan ollut kirvely‰ genitaalialueella. Ei kutinaa.,,,,,,,,,,,,,,,,,,,,
,,,,,,,,,,,,,,,,,,,Kirvely‰ on ollut yli 2 vko ajan,,Ovatko oireet pahentuneet koko ajan?,valinta,Kyll‰,yli 2 vko ajan ollut pahenevaa kirvely‰ genitaalialueella. Ei kutinaa.,,,,,,,,,,,,,,,,,,,,
,,,,,,,,,,,,,,,,,,,,,,,Ei,yli 2 vko ajan ollut kirvely‰ genitaalialueella. Ei kutinaa.,,,,,,,,,,,,,,,,,,,,
,,,,,,,,,,,Ei,,Onko sinulla kipua sukupuolielimiss‰?,valinta,Kyll‰,,Kuinka kauan kipua on esiintynyt?,valinta,Kipu on alkanut t‰n‰‰n,T‰n‰‰n on alkanut kipu genitaalialueella. Ei kutinaa.,,,,,,,,,,,,,,,,,,,,,,,,
,,,,,,,,,,,,,,,,,,,Kipua on ollut 1-3 vrk ajan,,Ovatko oireet pahentuneet koko ajan?,valinta,Kyll‰,1-3 vrk ajan ollut pahenevaa kipua genitaalialueella. Ei kutinaa.,,,,,,,,,,,,,,,,,,,,
,,,,,,,,,,,,,,,,,,,,,,,Ei,1-3 vrk ajan ollut kipua genitaalialueella. Ei kutinaa.,,,,,,,,,,,,,,,,,,,,
,,,,,,,,,,,,,,,,,,,Kipua on ollut 4-6 vrk ajan,,Ovatko oireet pahentuneet koko ajan?,valinta,Kyll‰,4-6 vrk ajan ollut pahenevaa kipua genitaalialueella. Ei kutinaa.,,,,,,,,,,,,,,,,,,,,
,,,,,,,,,,,,,,,,,,,,,,,Ei,4-6 vrk ajan ollut kipua genitaalialueella. Ei kutinaa.,,,,,,,,,,,,,,,,,,,,
,,,,,,,,,,,,,,,,,,,Kipua on ollut 1-2 vko ajan,,Ovatko oireet pahentuneet koko ajan?,valinta,Kyll‰,1-2 vko ajan ollut pahenevaa kipua genitaalialueella. Ei kutinaa.,,,,,,,,,,,,,,,,,,,,
,,,,,,,,,,,,,,,,,,,,,,,Ei,1-2 vko ajan ollut kipua genitaalialueella. Ei kutinaa.,,,,,,,,,,,,,,,,,,,,
,,,,,,,,,,,,,,,,,,,Kipua on ollut yli 2 vko ajan,,Ovatko oireet pahentuneet koko ajan?,valinta,Kyll‰,yli 2 vko ajan ollut pahenevaa kipua genitaalialueella. Ei kutinaa.,,,,,,,,,,,,,,,,,,,,
,,,,,,,,,,,,,,,,,,,,,,,Ei,yli 2 vko ajan ollut kipua genitaalialueella. Ei kutinaa.,,,,,,,,,,,,,,,,,,,,
,,,,,,,,,,,,,,,Ei,"Ei kutinaa, kirvely‰ tai kipua genitaalialueella.",,,,,,,,,,,,,,,,,,,,,,,,,,,,
,,,,,"Onko sukupuolielinalueelle ilmestynyt viime aikoina poikkeavia muutoksia; patti/patteja, rakkuloita, haavaumia ja/tai ihottumaa/ihomuutos?",valinta,Minulle on tullut patti/patit,,Milloin olet huomannut patin?,valinta,Olen huomannut patin/patit t‰n‰‰n.,Potilas on t‰n‰‰n huomannut patin/patit genitaalialueella.,,,,,,,,,,,,,,,,,,,,,,,,,,,,,,,,
,,,,,,,,,,,Olen huomannut patin/patit 1-3 vrk sitten,Potilas on 1-3 vrk:tta sitten huomannut patin/patit genitaalialueella.,,,,,,,,,,,,,,,,,,,,,,,,,,,,,,,,
,,,,,,,,,,,Olen huomannut patin/patit 4-6 vrk:tta sitten.,Potilas on 4-6 vrk:tta sitten huomannut patin/patit genitaalialueella.,,,,,,,,,,,,,,,,,,,,,,,,,,,,,,,,
,,,,,,,,,,,Olen huomannut patin/patit 1-2 vko sitten.,Potilas on 1-2 vko:a sitten huomannut patin/patit genitaalialueella.,,,,,,,,,,,,,,,,,,,,,,,,,,,,,,,,
,,,,,,,,,,,Olen huomannut patin/patit yli 2 vko:a sitten.,Potilas on yli 2 vko:a sitten huomannut patin/patit genitaalialueella.,,,,,,,,,,,,,,,,,,,,,,,,,,,,,,,,
,,,,,,,Minulle on tullut rakkuloita,,Milloin olet huomannut rakkulat?,valinta,Olen huomannut rakkulat t‰n‰‰n.,Potilas on t‰n‰‰n huomannut rakkuloita genitaalialueella.,,,,,,,,,,,,,,,,,,,,,,,,,,,,,,,,
,,,,,,,,,,,Olen huomannut rakkulat 1-3 vrk sitten,Potilas on 1-3 vrk:tta sitten huomannut rakkuloita genitaalialueella.,,,,,,,,,,,,,,,,,,,,,,,,,,,,,,,,
,,,,,,,,,,,Olen huomannut rakkulat 4-6 vrk:tta sitten.,Potilas on 4-6 vrk:tta sitten huomannut rakkuloita genitaalialueella.,,,,,,,,,,,,,,,,,,,,,,,,,,,,,,,,
,,,,,,,,,,,Olen huomannut rakkulat 1-2 vko sitten.,Potilas on 1-2 vko:a sitten huomannut rakkuloita genitaalialueella.,,,,,,,,,,,,,,,,,,,,,,,,,,,,,,,,
,,,,,,,,,,,Olen huomannut rakkulat yli 2 vko:a sitten.,Potilas on yli 2 vko:a sitten huomannut rakkuloita genitaalialueella.,,,,,,,,,,,,,,,,,,,,,,,,,,,,,,,,
,,,,,,,Minulla on tullut haavauma,,Milloin olet huomannut haavan/haavat?,valinta,Olen huomannut haavan t‰n‰‰n.,Potilas on t‰n‰‰n huomannut haavaumaa genitaalialueella.,,,,,,,,,,,,,,,,,,,,,,,,,,,,,,,,
,,,,,,,,,,,Olen huomannut haavan 1-3 vrk sitten,Potilas on 1-3 vrk:tta sitten huomannut haavaumaa genitaalialueella.,,,,,,,,,,,,,,,,,,,,,,,,,,,,,,,,
,,,,,,,,,,,Olen huomannut haavan 4-6 vrk:tta sitten.,Potilas on 4-6 vrk:tta sitten huomannut haavaumaa genitaalialueella.,,,,,,,,,,,,,,,,,,,,,,,,,,,,,,,,
,,,,,,,,,,,Olen huomannut haavan 1-2 vko sitten.,Potilas on 1-2 vko:a sitten huomannut haavaumaa genitaalialueella.,,,,,,,,,,,,,,,,,,,,,,,,,,,,,,,,
,,,,,,,,,,,Olen huomannut haavan yli 2 vko:a sitten.,Potilas on yli 2 vko:a sitten huomannut haavaumaa genitaalialueella.,,,,,,,,,,,,,,,,,,,,,,,,,,,,,,,,
,,,,,,,Minulle on tullut ihottuma/ihomuutos,,Milloin olet huomannut ihottuman/ihomuutoksen?,valinta,Olen huomannut ihottuman/ihomuutoksen t‰n‰‰n.,Potilas on t‰n‰‰n huomannut ihottuman/ihomuutoksen genitaalialueella.,,,,,,,,,,,,,,,,,,,,,,,,,,,,,,,,
,,,,,,,,,,,Olen huomannut ihottuman/ihomuutoksen 1-3 vrk sitten,Potilas on 1-3 vrk:tta sitten huomannut ihottuman/ihomuutoksen genitaalialueella.,,,,,,,,,,,,,,,,,,,,,,,,,,,,,,,,
,,,,,,,,,,,Olen huomannut ihottuman/ihomuutoksen 4-6 vrk:tta sitten.,Potilas on 4-6 vrk:tta sitten huomannut ihottuman/ihomuutoksen genitaalialueella.,,,,,,,,,,,,,,,,,,,,,,,,,,,,,,,,
,,,,,,,,,,,Olen huomannut ihottuman/ihomuutoksen 1-2 vko sitten.,Potilas on 1-2 vko:a sitten huomannut ihottuman/ihomuutoksen genitaalialueella.,,,,,,,,,,,,,,,,,,,,,,,,,,,,,,,,
,,,,,,,,,,,Olen huomannut ihottuman/ihomuutoksen yli 2 vko:a sitten.,Potilas on yli 2 vko:a sitten huomannut ihottuman/ihomuutoksen genitaalialueella.,,,,,,,,,,,,,,,,,,,,,,,,,,,,,,,,
,,,,,,,Minulle ei ole tullut mit‰‰n yll‰ olevista muutoksista.,"Ei patteja, rakkuloita, ihottumaa/ihomuutoksia tai haavaumia genitaalialueella.",,,,,,,,,,,,,,,,,,,,,,,,,,,,,,,,,,,,
,,,,,Onko sukupuolielinalueella punoitusta?,valinta,Kyll‰,,Kuumoittaako myˆs alue?,valinta,Kyll‰,,Onko alueella turvotusta?,valinta,Kyll‰,"Genitaalialue kuumoittaa, punoittaa ja turvottaa.",,,,,,,,,,,,,,,,,,,,,,,,,,,,
,,,,,,,,,,,,,,,Ei,"Genitaalialue kuumoittaa ja punoittaa, mutta ei turvotusta.",,,,,,,,,,,,,,,,,,,,,,,,,,,,
,,,,,,,,,,,Ei,,Onko alueella turvotusta?,valinta,Kyll‰,"Genitaalialue punoittaa ja turvottaa, mutta ei kuumoitusta.",,,,,,,,,,,,,,,,,,,,,,,,,,,,
,,,,,,,,,,,,,,,Ei,"Genitaalialue punoittaa, mutta ei kuumoitusta eik‰ turvotusta.",,,,,,,,,,,,,,,,,,,,,,,,,,,,
,,,,,,,Ei,,Kuumoittaako alue?,valinta,Kyll‰,,Onko alueella turvotusta?,valinta,Kyll‰,"Genitaalialue kuumoittaa ja turvottaa, mutta ei punoita.",,,,,,,,,,,,,,,,,,,,,,,,,,,,
,,,,,,,,,,,,,,,Ei,"Genitaalialue kuumoittaa, mutta ei punoita eik‰ turvota.",,,,,,,,,,,,,,,,,,,,,,,,,,,,
,,,,,,,,,,,Ei,,Onko alueella turvotusta?,valinta,Kyll‰,"Genitaalialueella on turvotusta, mutta ei kuumoitusta tai punoitusta.",,,,,,,,,,,,,,,,,,,,,,,,,,,,
,,,,,,,,,,,,,,,Ei,"Ei turvotusta, kuumoitusta tai punoitusta genitaalialueella.",,,,,,,,,,,,,,,,,,,,,,,,,,,,
NAISET,,,Ei,Ei gynekologisia oireita.,,,,,,,,,,,,,,,,,,,,,,,,,,,,,,,,,,,,,,,,
,"Onko sinulla kuumetta yli 37,5 astetta?",valinta,Kyll‰,,Kuinka kauan sinulla on ollut kuumetta yli 37.5 astetta?,valinta,Kuume on alkanut minulla t‰n‰‰n.,,Kuinka paljon kuumetta on ollut korkeimmillaan?,valinta,Minulla on ollut l‰mpˆ‰ 37.6-38.1 astetta.,T‰n‰‰n on noussut l‰mpˆ noin 38 asteeseen.,,,,,,,,,,,,,,,,,,,,,,,,,,,,,,,,
,,,,,,,,,,,Minulla on ollut l‰mpˆ‰ 38.2-38.7 astetta.,,"Oletko ottanut kuumel‰‰kett‰ (esim. burana, panadol yms?)",valinta,Kyll‰,,Laskeeko sinulla kuume l‰‰kityksell‰?,valinta,Kyll‰,"Kuume noussut t‰n‰‰n noin 38.5 asteeseen, laskee kuumel‰‰kityksell‰.",,,,,,,,,,,,,,,,,,,,,,,,
,,,,,,,,,,,,,,,,,,,Ei,"Kuume noussut t‰n‰‰n noin 38.5 asteeseen, ei laske kuumel‰‰kityksell‰.",,,,,,,,,,,,,,,,,,,,,,,,
,,,,,,,,,,,,,,,Ei,"Kuume noussut t‰n‰‰n noin 38.5 asteeseen, ei ole ottanut kuumel‰‰kett‰.",,,,,,,,,,,,,,,,,,,,,,,,,,,,
,,,,,,,,,,,Minulla on ollut l‰mpˆ‰ 38.8-39.3 astetta.,,"Oletko ottanut kuumel‰‰kett‰ (esim. burana, panadol yms?)",valinta,Kyll‰,,Laskeeko sinulla kuume l‰‰kityksell‰?,valinta,Kyll‰,"Kuume noussut t‰n‰‰n noin 39 asteeseen, laskee kuumel‰‰kityksell‰.",,,,,,,,,,,,,,,,,,,,,,,,
,,,,,,,,,,,,,,,,,,,Ei,"Kuume noussut t‰n‰‰n noin 39 asteeseen, ei laske kuumel‰‰kityksell‰.",,,,,,,,,,,,,,,,,,,,,,,,
,,,,,,,,,,,,,,,Ei,"Kuume noussut t‰n‰‰n noin 39 asteeseen, ei ole ottanut kuumel‰‰kett‰.",,,,,,,,,,,,,,,,,,,,,,,,,,,,
,,,,,,,,,,,Minulla on ollut l‰mpˆ‰ 39.4-39.9 astetta.,,"Oletko ottanut kuumel‰‰kett‰ (esim. burana, panadol yms?)",valinta,Kyll‰,,Laskeeko sinulla kuume l‰‰kityksell‰?,valinta,Kyll‰,"Kuume noussut t‰n‰‰n noin 39,5 asteeseen, laskee kuumel‰‰kityksell‰.",,,,,,,,,,,,,,,,,,,,,,,,
,,,,,,,,,,,,,,,,,,,Ei,"Kuume noussut t‰n‰‰n noin 39,5 asteeseen, ei laske kuumel‰‰kityksell‰.",,,,,,,,,,,,,,,,,,,,,,,,
,,,,,,,,,,,,,,,Ei,"Kuume noussut t‰n‰‰n noin 39,5 asteeseen, ei ole ottanut kuumel‰‰kett‰.",,,,,,,,,,,,,,,,,,,,,,,,,,,,
,,,,,,,,,,,Minulla on ollut l‰mpˆ‰ 40 astetta tai yli.,,"Oletko ottanut kuumel‰‰kett‰ (esim. burana, panadol yms?)",valinta,Kyll‰,,Laskeeko sinulla kuume l‰‰kityksell‰?,valinta,Kyll‰,"Kuume noussut t‰n‰‰n yli 40 asteeseen, laskee kuumel‰‰kityksell‰.",,,,,,,,,,,,,,,,,,,,,,,,
,,,,,,,,,,,,,,,,,,,Ei,"Kuume noussut t‰n‰‰n yli 40 asteeseen, ei laske kuumel‰‰kityksell‰.",,,,,,,,,,,,,,,,,,,,,,,,
,,,,,,,,,,,,,,,Ei,"Kuume noussut t‰n‰‰n yli 40 asteeseen, ei ole ottanut kuumel‰‰kett‰.",,,,,,,,,,,,,,,,,,,,,,,,,,,,
,,,,,,,Minulla on ollut kuumetta 1-3 vuorokauden ajan.,,Kuinka paljon kuumetta on ollut korkeimmillaan?,valinta,Minulla on ollut l‰mpˆ‰ 37.6-38.1 astetta.,1-3 vrk ajan ollut kuumetta noin 38 astetta.,,,,,,,,,,,,,,,,,,,,,,,,,,,,,,,,
,,,,,,,,,,,Minulla on ollut l‰mpˆ‰ 38.2-38.7 astetta.,,"Oletko ottanut kuumel‰‰kett‰ (esim. burana, panadol yms?)",valinta,Kyll‰,,Laskeeko sinulla kuume l‰‰kityksell‰?,valinta,Kyll‰,"1-3 vrk ajan ollut kuumetta, korkeimmillaan noin 38.5 astetta, laskee kuumel‰‰kityksell‰.",,,,,,,,,,,,,,,,,,,,,,,,
,,,,,,,,,,,,,,,,,,,Ei,"1-3 vrk ajan ollut kuumetta, korkeimmillaan noin 38.5 astetta, ei laske kuumel‰‰kityksell‰.",,,,,,,,,,,,,,,,,,,,,,,,
,,,,,,,,,,,,,,,Ei,"1-3 vrk ajan ollut kuumetta, korkeimmillaan noin 38.5 astetta, ei ole ottanut kuumel‰‰kett‰.",,,,,,,,,,,,,,,,,,,,,,,,,,,,
,,,,,,,,,,,Minulla on ollut l‰mpˆ‰ 38.8-39.3 astetta.,,"Oletko ottanut kuumel‰‰kett‰ (esim. burana, panadol yms?)",valinta,Kyll‰,,Laskeeko sinulla kuume l‰‰kityksell‰?,valinta,Kyll‰,"1-3 vrk ajan ollut kuumetta, korkeimmillaan noin 39 astetta, laskee kuumel‰‰kityksell‰.",,,,,,,,,,,,,,,,,,,,,,,,
,,,,,,,,,,,,,,,,,,,Ei,"1-3 vrk ajan ollut kuumetta, korkeimmillaan noin 39 astetta, ei laske kuumel‰‰kityksell‰.",,,,,,,,,,,,,,,,,,,,,,,,
,,,,,,,,,,,,,,,Ei,"1-3 vrk ajan ollut kuumetta, korkeimmillaan noin 39 astetta, ei ole ottanut kuumel‰‰kett‰.",,,,,,,,,,,,,,,,,,,,,,,,,,,,
,,,,,,,,,,,Minulla on ollut l‰mpˆ‰ 39.4-39.9 astetta.,,"Oletko ottanut kuumel‰‰kett‰ (esim. burana, panadol yms?)",valinta,Kyll‰,,Laskeeko sinulla kuume l‰‰kityksell‰?,valinta,Kyll‰,"Kuume noussut t‰n‰‰n noin 39,5 asteeseen, laskee kuumel‰‰kityksell‰.",,,,,,,,,,,,,,,,,,,,,,,,
,,,,,,,,,,,,,,,,,,,Ei,"Kuume noussut t‰n‰‰n noin 39,5 asteeseen, ei laske kuumel‰‰kityksell‰.",,,,,,,,,,,,,,,,,,,,,,,,
,,,,,,,,,,,,,,,Ei,"1-3 vrk ajan ollut kuumetta, korkeimmillaan noin 39.5 astetta, ei ole ottanut kuumel‰‰kett‰.",,,,,,,,,,,,,,,,,,,,,,,,,,,,
,,,,,,,,,,,Minulla on ollut l‰mpˆ‰ 40 astetta tai yli.,,"Oletko ottanut kuumel‰‰kett‰ (esim. burana, panadol yms?)",valinta,Kyll‰,,Laskeeko sinulla kuume l‰‰kityksell‰?,valinta,Kyll‰,"Kuume noussut t‰n‰‰n yli 40 asteeseen, laskee kuumel‰‰kityksell‰.",,,,,,,,,,,,,,,,,,,,,,,,
,,,,,,,,,,,,,,,,,,,Ei,"Kuume noussut t‰n‰‰n yli 40 asteeseen, ei laske kuumel‰‰kityksell‰.",,,,,,,,,,,,,,,,,,,,,,,,
,,,,,,,,,,,,,,,Ei,"1-3 vrk ajan ollut kuumetta, korkeimmillaan yli 40 astetta, ei ole ottanut kuumel‰‰kett‰.",,,,,,,,,,,,,,,,,,,,,,,,,,,,
,,,,,,,Minulla on ollut kuumetta 4-6 vuorokauden ajan.,,Onko sinulla ollut kuumetta p‰ivitt‰in vai ajoittain?,valinta,Minulla on ollut kuumetta p‰ivitt‰in.,,Kuinka paljon kuumetta on ollut korkeimmillaan?,valinta,Minulla on ollut l‰mpˆ‰ 37.6-38.1 astetta.,"4-6 vrk:tta ollut p‰ivitt‰in kuumetta, korkeimmillaan noin 38 astetta.",,,,,,,,,,,,,,,,,,,,,,,,,,,,
,,,,,,,,,,,,,,,Minulla on ollut l‰mpˆ‰ 38.2-38.7 astetta.,,"Oletko ottanut kuumel‰‰kett‰ (esim. burana, panadol yms?)",valinta,Kyll‰,,Laskeeko sinulla kuume l‰‰kityksell‰?,valinta,Kyll‰,"4-6 vrk:tta ollut p‰ivitt‰in kuumetta, korkeimmillaan n. 38.5 astetta, laskee kuumel‰‰kityksell‰.",,,,,,,,,,,,,,,,,,,,
,,,,,,,,,,,,,,,,,,,,,,,Ei,"4-6 vrk:tta ollut p‰ivitt‰in kuumetta, korkeimmillaan n. 38.5 astetta, ei laske kuumel‰‰kityksell‰.",,,,,,,,,,,,,,,,,,,,
,,,,,,,,,,,,,,,,,,,Ei,"4-6 vrk:tta ollut p‰ivitt‰in kuumetta, korkeimmillaan n. 38.5 astetta, ei ole ottanut kuumel‰‰kett‰.",,,,,,,,,,,,,,,,,,,,,,,,
,,,,,,,,,,,,,,,Minulla on ollut l‰mpˆ‰ 38.8-39.3 astetta.,,"Oletko ottanut kuumel‰‰kett‰ (esim. burana, panadol yms?)",valinta,Kyll‰,,Laskeeko sinulla kuume l‰‰kityksell‰?,valinta,Kyll‰,"4-6 vrk:tta ollut p‰ivitt‰in kuumetta, korkeimmillaan n. 39 astetta, laskee kuumel‰‰kityksell‰.",,,,,,,,,,,,,,,,,,,,
,,,,,,,,,,,,,,,,,,,,,,,Ei,"4-6 vrk:tta ollut p‰ivitt‰in kuumetta, korkeimmillaan n. 39 astetta, ei laske kuumel‰‰kityksell‰.",,,,,,,,,,,,,,,,,,,,
,,,,,,,,,,,,,,,,,,,Ei,"4-6 vrk:tta ollut p‰ivitt‰in kuumetta, korkeimmillaan n. 39 astetta, ei ole ottanut kuumel‰‰kett‰.",,,,,,,,,,,,,,,,,,,,,,,,
,,,,,,,,,,,,,,,Minulla on ollut l‰mpˆ‰ 39.4-39.9 astetta.,,"Oletko ottanut kuumel‰‰kett‰ (esim. burana, panadol yms?)",valinta,Kyll‰,,Laskeeko sinulla kuume l‰‰kityksell‰?,valinta,Kyll‰,"4-6 vrk:tta ollut p‰ivitt‰in kuumetta, korkeimmillaan melkein 40 astetta, laskee kuumel‰‰kityksell‰.",,,,,,,,,,,,,,,,,,,,
,,,,,,,,,,,,,,,,,,,,,,,Ei,"4-6 vrk:tta ollut p‰ivitt‰in kuumetta, korkeimmillaan melkein 40 astetta, ei laske kuumel‰‰kityksell‰.",,,,,,,,,,,,,,,,,,,,
,,,,,,,,,,,,,,,,,,,Ei,"4-6 vrk:tta ollut p‰ivitt‰in kuumetta, korkeimmillaan melkein 40 astetta, ei ole ottanut kuumel‰‰kett‰.",,,,,,,,,,,,,,,,,,,,,,,,
,,,,,,,,,,,,,,,Minulla on ollut l‰mpˆ‰ 40 astetta tai yli.,,"Oletko ottanut kuumel‰‰kett‰ (esim. burana, panadol yms?)",valinta,Kyll‰,,Laskeeko sinulla kuume l‰‰kityksell‰?,valinta,Kyll‰,"4-6 vrk:tta ollut p‰ivitt‰in kuumetta, korkeimmillaan yli 40 astetta, laskee kuumel‰‰kityksell‰.",,,,,,,,,,,,,,,,,,,,
,,,,,,,,,,,,,,,,,,,,,,,Ei,"4-6 vrk:tta ollut p‰ivitt‰in kuumetta, korkeimmillaan yli 40 astetta, ei laske kuumel‰‰kityksell‰.",,,,,,,,,,,,,,,,,,,,
,,,,,,,,,,,,,,,,,,,Ei,"4-6 vrk:tta ollut p‰ivitt‰in kuumetta, korkeimmillaan yli 40 astetta, ei ole ottanut kuumel‰‰kett‰.",,,,,,,,,,,,,,,,,,,,,,,,
,,,,,,,,,,,Minulla on ollut kuumetta ajoittain (kaikkina p‰ivin‰ ei ole kuumetta).,,Kuinka paljon kuumetta on ollut korkeimmillaan?,valinta,Minulla on ollut l‰mpˆ‰ 37.6-38.1 astetta.,"4-6 vrk ajan ollut ajoittain kuumetta, korkeimmillaan noin 38 astetta.",,,,,,,,,,,,,,,,,,,,,,,,,,,,
,,,,,,,,,,,,,,,Minulla on ollut l‰mpˆ‰ 38.2-38.7 astetta.,,"Oletko ottanut kuumel‰‰kett‰ (esim. burana, panadol yms?)",valinta,Kyll‰,,Laskeeko sinulla kuume l‰‰kityksell‰?,valinta,Kyll‰,"4-6 vrk ajan ollut ajoittain kuumetta, korkeimmillaan n.38.5 astetta, laskee kuumel‰‰kityksell‰.",,,,,,,,,,,,,,,,,,,,
,,,,,,,,,,,,,,,,,,,,,,,Ei,"4-6 vrk ajan ollut ajoittain kuumetta, korkeimmillaan n.38.5 astetta, ei laske kuumel‰‰kityksell‰.",,,,,,,,,,,,,,,,,,,,
,,,,,,,,,,,,,,,,,,,Ei,"4-6 vrk ajan ollut ajoittain kuumetta, korkeimmillaan n. 38.5 astetta, ei ole ottanut kuumel‰‰kett‰.",,,,,,,,,,,,,,,,,,,,,,,,
,,,,,,,,,,,,,,,Minulla on ollut l‰mpˆ‰ 38.8-39.3 astetta.,,"Oletko ottanut kuumel‰‰kett‰ (esim. burana, panadol yms?)",valinta,Kyll‰,,Laskeeko sinulla kuume l‰‰kityksell‰?,valinta,Kyll‰,"4-6 vrk ajan ollut ajoittain kuumetta, korkeimmillaan noin 39 astetta. Laskee kuumel‰‰kityksell‰.",,,,,,,,,,,,,,,,,,,,
,,,,,,,,,,,,,,,,,,,,,,,Ei,"4-6 vrk ajan ollut ajoittain kuumetta, korkeimmillaan noin 39 astetta. Ei laske kuumel‰‰kityksell‰.",,,,,,,,,,,,,,,,,,,,
,,,,,,,,,,,,,,,,,,,Ei,"4-6 vrk ajan ollut ajoittain kuumetta, korkeimmillaan noin 39 astetta. Ei ole ottanut kuumel‰‰kett‰.",,,,,,,,,,,,,,,,,,,,,,,,
,,,,,,,,,,,,,,,Minulla on ollut l‰mpˆ‰ 39.4-39.9 astetta.,,"Oletko ottanut kuumel‰‰kett‰ (esim. burana, panadol yms?)",valinta,Kyll‰,,Laskeeko sinulla kuume l‰‰kityksell‰?,valinta,Kyll‰,"4-6 vrk ajan ollut ajoittain kuumetta, korkeimmillaan melkein 40 astetta. Laskee kuumel‰‰kityksell‰.",,,,,,,,,,,,,,,,,,,,
,,,,,,,,,,,,,,,,,,,,,,,Ei,"4-6 vrk ajan ollut ajoittain kuumetta, korkeimmillaan melkein 40 astetta. Ei laske kuumel‰‰kityksell‰.",,,,,,,,,,,,,,,,,,,,
,,,,,,,,,,,,,,,,,,,Ei,"4-6 vrk ajan ollut ajoittain kuumetta, korkeimmillaan melkein 40 astetta. Ei ole ottanut kuumel‰‰kett‰.",,,,,,,,,,,,,,,,,,,,,,,,
,,,,,,,,,,,,,,,Minulla on ollut l‰mpˆ‰ 40 astetta tai yli.,,"Oletko ottanut kuumel‰‰kett‰ (esim. burana, panadol yms?)",valinta,Kyll‰,,Laskeeko sinulla kuume l‰‰kityksell‰?,valinta,Kyll‰,"4-6 vrk ajan ollut ajoittain kuumetta, korkeimmillaan yli 40 astetta. Laskee kuumel‰‰kityksell‰.",,,,,,,,,,,,,,,,,,,,
,,,,,,,,,,,,,,,,,,,,,,,Ei,"4-6 vrk ajan ollut ajoittain kuumetta, korkeimmillaan yli 40 astetta. Ei laske kuumel‰‰kityksell‰.",,,,,,,,,,,,,,,,,,,,
,,,,,,,,,,,,,,,,,,,Ei,"4-6 vrk ajan ollut ajoittain kuumetta, korkeimmillaan yli 40 astetta. Ei ole ottanut kuumel‰‰kett‰.",,,,,,,,,,,,,,,,,,,,,,,,
,,,,,,,Minulla on ollut kuumetta 1-2 viikon ajan.,,Onko sinulla ollut kuumetta p‰ivitt‰in vai ajoittain?,valinta,Minulla on ollut kuumetta p‰ivitt‰in.,,Kuinka paljon kuumetta on ollut korkeimmillaan?,valinta,Minulla on ollut l‰mpˆ‰ 37.6-38.1 astetta.,"1-2 viikon ajan ollut p‰ivitt‰in kuumetta, korkeimmillaan noin 38 astetta.",,,,,,,,,,,,,,,,,,,,,,,,,,,,
,,,,,,,,,,,,,,,Minulla on ollut l‰mpˆ‰ 38.2-38.7 astetta.,,"Oletko ottanut kuumel‰‰kett‰ (esim. burana, panadol yms?)",valinta,Kyll‰,,Laskeeko sinulla kuume l‰‰kityksell‰?,valinta,Kyll‰,"1-2 viikon ajan ollut p‰ivitt‰in kuumetta, korkeimmillaan n. 38.5 astetta, laskee kuumel‰‰kityksell‰.",,,,,,,,,,,,,,,,,,,,
,,,,,,,,,,,,,,,,,,,,,,,Ei,"1-2 viikon ajan ollut p‰ivitt‰in kuumetta, korkeimmillaan n. 38.5 astetta, ei laske kuumel‰‰kityksell‰.",,,,,,,,,,,,,,,,,,,,
,,,,,,,,,,,,,,,,,,,Ei,"1-2 viikon ajan ollut p‰ivitt‰in kuumetta, korkeimmillaan n. 38.5 astetta, ei ole ottanut kuumel‰‰kett‰.",,,,,,,,,,,,,,,,,,,,,,,,
,,,,,,,,,,,,,,,Minulla on ollut l‰mpˆ‰ 38.8-39.3 astetta.,,"Oletko ottanut kuumel‰‰kett‰ (esim. burana, panadol yms?)",valinta,Kyll‰,,Laskeeko sinulla kuume l‰‰kityksell‰?,valinta,Kyll‰,"1-2 viikon ajan ollut p‰ivitt‰in kuumetta, korkeimmillaan n. 39 astetta, laskee kuumel‰‰kityksell‰.",,,,,,,,,,,,,,,,,,,,
,,,,,,,,,,,,,,,,,,,,,,,Ei,"1-2 viikon ajan ollut p‰ivitt‰in kuumetta, korkeimmillaan n. 39 astetta, ei laske kuumel‰‰kityksell‰.",,,,,,,,,,,,,,,,,,,,
,,,,,,,,,,,,,,,,,,,Ei,"1-2 viikon ajan ollut p‰ivitt‰in kuumetta, korkeimmillaan n. 39 astetta, ei ole ottanut kuumel‰‰kett‰.",,,,,,,,,,,,,,,,,,,,,,,,
,,,,,,,,,,,,,,,Minulla on ollut l‰mpˆ‰ 39.4-39.9 astetta.,,"Oletko ottanut kuumel‰‰kett‰ (esim. burana, panadol yms?)",valinta,Kyll‰,,Laskeeko sinulla kuume l‰‰kityksell‰?,valinta,Kyll‰,"1-2 viikon ajan ollut p‰ivitt‰in kuumetta, korkeimmillaan melkein 40 astetta, laskee kuumel‰‰kityksell‰.",,,,,,,,,,,,,,,,,,,,
,,,,,,,,,,,,,,,,,,,,,,,Ei,"1-2 viikon ajan ollut p‰ivitt‰in kuumetta, korkeimmillaan melkein 40 astetta, ei laske kuumel‰‰kityksell‰.",,,,,,,,,,,,,,,,,,,,
,,,,,,,,,,,,,,,,,,,Ei,"1-2 viikon ajan ollut p‰ivitt‰in kuumetta, korkeimmillaan melkein 40 astetta, ei ole ottanut kuumel‰‰kett‰.",,,,,,,,,,,,,,,,,,,,,,,,
,,,,,,,,,,,,,,,Minulla on ollut l‰mpˆ‰ 40 astetta tai yli.,,"Oletko ottanut kuumel‰‰kett‰ (esim. burana, panadol yms?)",valinta,Kyll‰,,Laskeeko sinulla kuume l‰‰kityksell‰?,valinta,Kyll‰,"1-2 viikon ajan ollut p‰ivitt‰in kuumetta, korkeimmillaan yli 40 astetta, laskee kuumel‰‰kityksell‰.",,,,,,,,,,,,,,,,,,,,
,,,,,,,,,,,,,,,,,,,,,,,Ei,"1-2 viikon ajan ollut p‰ivitt‰in kuumetta, korkeimmillaan yli 40 astetta, ei laske kuumel‰‰kityksell‰.",,,,,,,,,,,,,,,,,,,,
,,,,,,,,,,,,,,,,,,,Ei,"1-2 viikon ajan ollut p‰ivitt‰in kuumetta, korkeimmillaan yli 40 astetta, ei ole ottanut kuumel‰‰kett‰.",,,,,,,,,,,,,,,,,,,,,,,,
,,,,,,,,,,,Minulla on ollut kuumetta ajoittain (kaikkina p‰ivin‰ ei ole kuumetta).,,Kuinka paljon kuumetta on ollut korkeimmillaan?,valinta,Minulla on ollut l‰mpˆ‰ 37.6-38.1 astetta.,"1-2 viikon ajan ollut ajoittain kuumetta, korkeimmillaan noin 38 astetta.",,,,,,,,,,,,,,,,,,,,,,,,,,,,
,,,,,,,,,,,,,,,Minulla on ollut l‰mpˆ‰ 38.2-38.7 astetta.,,"Oletko ottanut kuumel‰‰kett‰ (esim. burana, panadol yms?)",valinta,Kyll‰,,Laskeeko sinulla kuume l‰‰kityksell‰?,valinta,Kyll‰,"1-2 viikon ajan ollut ajoittain kuumetta, korkeimmillaan n.38.5 astetta, laskee kuumel‰‰kityksell‰.",,,,,,,,,,,,,,,,,,,,
,,,,,,,,,,,,,,,,,,,,,,,Ei,"1-2 viikon ajan ollut ajoittain kuumetta, korkeimmillaan n.38.5 astetta, ei laske kuumel‰‰kityksell‰.",,,,,,,,,,,,,,,,,,,,
,,,,,,,,,,,,,,,,,,,Ei,"1-2 viikon ajan ollut ajoittain kuumetta, korkeimmillaan n. 38.5 astetta, ei ole ottanut kuumel‰‰kett‰.",,,,,,,,,,,,,,,,,,,,,,,,
,,,,,,,,,,,,,,,Minulla on ollut l‰mpˆ‰ 38.8-39.3 astetta.,,"Oletko ottanut kuumel‰‰kett‰ (esim. burana, panadol yms?)",valinta,Kyll‰,,Laskeeko sinulla kuume l‰‰kityksell‰?,valinta,Kyll‰,"1-2 viikon ajan ollut ajoittain kuumetta, korkeimmillaan noin 39 astetta. Laskee kuumel‰‰kityksell‰.",,,,,,,,,,,,,,,,,,,,
,,,,,,,,,,,,,,,,,,,,,,,Ei,"1-2 viikon ajan ollut ajoittain kuumetta, korkeimmillaan noin 39 astetta. Ei laske kuumel‰‰kityksell‰.",,,,,,,,,,,,,,,,,,,,
,,,,,,,,,,,,,,,,,,,Ei,"1-2 viikon ajan ollut ajoittain kuumetta, korkeimmillaan noin 39 astetta. Ei ole ottanut kuumel‰‰kett‰.",,,,,,,,,,,,,,,,,,,,,,,,
,,,,,,,,,,,,,,,Minulla on ollut l‰mpˆ‰ 39.4-39.9 astetta.,,"Oletko ottanut kuumel‰‰kett‰ (esim. burana, panadol yms?)",valinta,Kyll‰,,Laskeeko sinulla kuume l‰‰kityksell‰?,valinta,Kyll‰,"1-2 viikon ajan ollut ajoittain kuumetta, korkeimmillaan melkein 40 astetta. Laskee kuumel‰‰kityksell‰.",,,,,,,,,,,,,,,,,,,,
,,,,,,,,,,,,,,,,,,,,,,,Ei,"1-2 viikon ajan ollut ajoittain kuumetta, korkeimmillaan melkein 40 astetta. Ei laske kuumel‰‰kityksell‰.",,,,,,,,,,,,,,,,,,,,
,,,,,,,,,,,,,,,,,,,Ei,"1-2 viikon ajan ollut ajoittain kuumetta, korkeimmillaan melkein 40 astetta. Ei ole ottanut kuumel‰‰kett‰.",,,,,,,,,,,,,,,,,,,,,,,,
,,,,,,,,,,,,,,,Minulla on ollut l‰mpˆ‰ 40 astetta tai yli.,,"Oletko ottanut kuumel‰‰kett‰ (esim. burana, panadol yms?)",valinta,Kyll‰,,Laskeeko sinulla kuume l‰‰kityksell‰?,valinta,Kyll‰,"1-2 viikon ajan ollut ajoittain kuumetta, korkeimmillaan yli 40 astetta. Laskee kuumel‰‰kityksell‰.",,,,,,,,,,,,,,,,,,,,
,,,,,,,,,,,,,,,,,,,,,,,Ei,"1-2 viikon ajan ollut ajoittain kuumetta, korkeimmillaan yli 40 astetta. Ei laske kuumel‰‰kityksell‰.",,,,,,,,,,,,,,,,,,,,
,,,,,,,,,,,,,,,,,,,Ei,"1-2 viikon ajan ollut ajoittain kuumetta, korkeimmillaan yli 40 astetta. Ei ole ottanut kuumel‰‰kett‰.",,,,,,,,,,,,,,,,,,,,,,,,
,,,,,,,Minulla on ollut kuumetta 2 viikon - 1 kuukauden ajan.,,Onko sinulla ollut kuumetta p‰ivitt‰in vai ajoittain?,valinta,Minulla on ollut kuumetta p‰ivitt‰in.,,Kuinka paljon kuumetta on ollut korkeimmillaan?,valinta,Minulla on ollut l‰mpˆ‰ 37.6-38.1 astetta.,"2 viikon - 1 kk ajan ollut p‰ivitt‰in kuumetta, korkeimmillaan noin 38 astetta.",,,,,,,,,,,,,,,,,,,,,,,,,,,,
,,,,,,,,,,,,,,,Minulla on ollut l‰mpˆ‰ 38.2-38.7 astetta.,,"Oletko ottanut kuumel‰‰kett‰ (esim. burana, panadol yms?)",valinta,Kyll‰,,Laskeeko sinulla kuume l‰‰kityksell‰?,valinta,Kyll‰,"2 viikon - 1 kk ajan ollut p‰ivitt‰in kuumetta, korkeimmillaan n. 38.5 astetta, laskee kuumel‰‰kityksell‰.",,,,,,,,,,,,,,,,,,,,
,,,,,,,,,,,,,,,,,,,,,,,Ei,"2 viikon - 1 kk ajan ollut p‰ivitt‰in kuumetta, korkeimmillaan n. 38.5 astetta, ei laske kuumel‰‰kityksell‰.",,,,,,,,,,,,,,,,,,,,
,,,,,,,,,,,,,,,,,,,Ei,"2 viikon - 1 kk ajan ollut p‰ivitt‰in kuumetta, korkeimmillaan n. 38.5 astetta, ei ole ottanut kuumel‰‰kett‰.",,,,,,,,,,,,,,,,,,,,,,,,
,,,,,,,,,,,,,,,Minulla on ollut l‰mpˆ‰ 38.8-39.3 astetta.,,"Oletko ottanut kuumel‰‰kett‰ (esim. burana, panadol yms?)",valinta,Kyll‰,,Laskeeko sinulla kuume l‰‰kityksell‰?,valinta,Kyll‰,"2 viikon - 1 kk ajan ollut p‰ivitt‰in kuumetta, korkeimmillaan n. 39 astetta, laskee kuumel‰‰kityksell‰.",,,,,,,,,,,,,,,,,,,,
,,,,,,,,,,,,,,,,,,,,,,,Ei,"2 viikon - 1 kk ajan ollut p‰ivitt‰in kuumetta, korkeimmillaan n. 39 astetta, ei laske kuumel‰‰kityksell‰.",,,,,,,,,,,,,,,,,,,,
,,,,,,,,,,,,,,,,,,,Ei,"2 viikon - 1 kk ajan ollut p‰ivitt‰in kuumetta, korkeimmillaan n. 39 astetta, ei ole ottanut kuumel‰‰kett‰.",,,,,,,,,,,,,,,,,,,,,,,,
,,,,,,,,,,,,,,,Minulla on ollut l‰mpˆ‰ 39.4-39.9 astetta.,,"Oletko ottanut kuumel‰‰kett‰ (esim. burana, panadol yms?)",valinta,Kyll‰,,Laskeeko sinulla kuume l‰‰kityksell‰?,valinta,Kyll‰,"2 viikon - 1 kk ajan ollut p‰ivitt‰in kuumetta, korkeimmillaan melkein 40 astetta, laskee kuumel‰‰kityksell‰.",,,,,,,,,,,,,,,,,,,,
,,,,,,,,,,,,,,,,,,,,,,,Ei,"2 viikon - 1 kk ajan ollut p‰ivitt‰in kuumetta, korkeimmillaan melkein 40 astetta, ei laske kuumel‰‰kityksell‰.",,,,,,,,,,,,,,,,,,,,
,,,,,,,,,,,,,,,,,,,Ei,"2 viikon - 1 kk ajan ollut p‰ivitt‰in kuumetta, korkeimmillaan melkein 40 astetta, ei ole ottanut kuumel‰‰kett‰.",,,,,,,,,,,,,,,,,,,,,,,,
,,,,,,,,,,,,,,,Minulla on ollut l‰mpˆ‰ 40 astetta tai yli.,,"Oletko ottanut kuumel‰‰kett‰ (esim. burana, panadol yms?)",valinta,Kyll‰,,Laskeeko sinulla kuume l‰‰kityksell‰?,valinta,Kyll‰,"2 viikon - 1 kk ajan ollut p‰ivitt‰in kuumetta, korkeimmillaan yli 40 astetta, laskee kuumel‰‰kityksell‰.",,,,,,,,,,,,,,,,,,,,
,,,,,,,,,,,,,,,,,,,,,,,Ei,"2 viikon - 1 kk ajan ollut p‰ivitt‰in kuumetta, korkeimmillaan yli 40 astetta, ei laske kuumel‰‰kityksell‰.",,,,,,,,,,,,,,,,,,,,
,,,,,,,,,,,,,,,,,,,Ei,"2 viikon - 1 kk ajan ollut p‰ivitt‰in kuumetta, korkeimmillaan yli 40 astetta, ei ole ottanut kuumel‰‰kett‰.",,,,,,,,,,,,,,,,,,,,,,,,
,,,,,,,,,,,Minulla on ollut kuumetta ajoittain (kaikkina p‰ivin‰ ei ole kuumetta).,,Kuinka paljon kuumetta on ollut korkeimmillaan?,valinta,Minulla on ollut l‰mpˆ‰ 37.6-38.1 astetta.,"2 viikon - 1 kk ajan ollut ajoittain kuumetta, korkeimmillaan noin 38 astetta.",,,,,,,,,,,,,,,,,,,,,,,,,,,,
,,,,,,,,,,,,,,,Minulla on ollut l‰mpˆ‰ 38.2-38.7 astetta.,,"Oletko ottanut kuumel‰‰kett‰ (esim. burana, panadol yms?)",valinta,Kyll‰,,Laskeeko sinulla kuume l‰‰kityksell‰?,valinta,Kyll‰,"2 viikon - 1 kk ajan ollut ajoittain kuumetta, korkeimmillaan n.38.5 astetta, laskee kuumel‰‰kityksell‰.",,,,,,,,,,,,,,,,,,,,
,,,,,,,,,,,,,,,,,,,,,,,Ei,"2 viikon - 1 kk ajan ollut ajoittain kuumetta, korkeimmillaan n.38.5 astetta, ei laske kuumel‰‰kityksell‰.",,,,,,,,,,,,,,,,,,,,
,,,,,,,,,,,,,,,,,,,Ei,"2 viikon - 1 kk ajan ollut ajoittain kuumetta, korkeimmillaan n. 38.5 astetta, ei ole ottanut kuumel‰‰kett‰.",,,,,,,,,,,,,,,,,,,,,,,,
,,,,,,,,,,,,,,,Minulla on ollut l‰mpˆ‰ 38.8-39.3 astetta.,,"Oletko ottanut kuumel‰‰kett‰ (esim. burana, panadol yms?)",valinta,Kyll‰,,Laskeeko sinulla kuume l‰‰kityksell‰?,valinta,Kyll‰,"2 viikon - 1 kk ajan ollut ajoittain kuumetta, korkeimmillaan noin 39 astetta. Laskee kuumel‰‰kityksell‰.",,,,,,,,,,,,,,,,,,,,
,,,,,,,,,,,,,,,,,,,,,,,Ei,"2 viikon - 1 kk ajan ollut ajoittain kuumetta, korkeimmillaan noin 39 astetta. Ei laske kuumel‰‰kityksell‰.",,,,,,,,,,,,,,,,,,,,
,,,,,,,,,,,,,,,,,,,Ei,"2 viikon - 1 kk ajan ollut ajoittain kuumetta, korkeimmillaan noin 39 astetta. Ei ole ottanut kuumel‰‰kett‰.",,,,,,,,,,,,,,,,,,,,,,,,
,,,,,,,,,,,,,,,Minulla on ollut l‰mpˆ‰ 39.4-39.9 astetta.,,"Oletko ottanut kuumel‰‰kett‰ (esim. burana, panadol yms?)",valinta,Kyll‰,,Laskeeko sinulla kuume l‰‰kityksell‰?,valinta,Kyll‰,"2 viikon - 1 kk ajan ollut ajoittain kuumetta, korkeimmillaan melkein 40 astetta. Laskee kuumel‰‰kityksell‰.",,,,,,,,,,,,,,,,,,,,
,,,,,,,,,,,,,,,,,,,,,,,Ei,"2 viikon - 1 kk ajan ollut ajoittain kuumetta, korkeimmillaan melkein 40 astetta. Ei laske kuumel‰‰kityksell‰.",,,,,,,,,,,,,,,,,,,,
,,,,,,,,,,,,,,,,,,,Ei,"2 viikon - 1 kk ajan ollut ajoittain kuumetta, korkeimmillaan melkein 40 astetta. Ei ole ottanut kuumel‰‰kett‰.",,,,,,,,,,,,,,,,,,,,,,,,
,,,,,,,,,,,,,,,Minulla on ollut l‰mpˆ‰ 40 astetta tai yli.,,"Oletko ottanut kuumel‰‰kett‰ (esim. burana, panadol yms?)",valinta,Kyll‰,,Laskeeko sinulla kuume l‰‰kityksell‰?,valinta,Kyll‰,"2 viikon - 1 kk ajan ollut ajoittain kuumetta, korkeimmillaan yli 40 astetta. Laskee kuumel‰‰kityksell‰.",,,,,,,,,,,,,,,,,,,,
,,,,,,,,,,,,,,,,,,,,,,,Ei,"2 viikon - 1 kk ajan ollut ajoittain kuumetta, korkeimmillaan yli 40 astetta. Ei laske kuumel‰‰kityksell‰.",,,,,,,,,,,,,,,,,,,,
,,,,,,,,,,,,,,,,,,,Ei,"2 viikon - 1 kk ajan ollut ajoittain kuumetta, korkeimmillaan yli 40 astetta. Ei ole ottanut kuumel‰‰kett‰.",,,,,,,,,,,,,,,,,,,,,,,,
,,,,,,,Minulla on ollut kuumetta yli kk ajan.,,Onko sinulla ollut kuumetta p‰ivitt‰in vai ajoittain?,valinta,Minulla on ollut kuumetta p‰ivitt‰in.,,Kuinka paljon kuumetta on ollut korkeimmillaan?,valinta,Minulla on ollut l‰mpˆ‰ 37.6-38.1 astetta.,"Yli 1 kk ajan ollut p‰ivitt‰in kuumetta, korkeimmillaan noin 38 astetta.",,,,,,,,,,,,,,,,,,,,,,,,,,,,
,,,,,,,,,,,,,,,Minulla on ollut l‰mpˆ‰ 38.2-38.7 astetta.,,"Oletko ottanut kuumel‰‰kett‰ (esim. burana, panadol yms?)",valinta,Kyll‰,,Laskeeko sinulla kuume l‰‰kityksell‰?,valinta,Kyll‰,"Yli 1 kk ajan ollut p‰ivitt‰in kuumetta, korkeimmillaan n. 38.5 astetta, laskee kuumel‰‰kityksell‰.",,,,,,,,,,,,,,,,,,,,
,,,,,,,,,,,,,,,,,,,,,,,Ei,"Yli kk ajan ollut p‰ivitt‰in kuumetta, korkeimmillaan n. 38.5 astetta, ei laske kuumel‰‰kityksell‰.",,,,,,,,,,,,,,,,,,,,
,,,,,,,,,,,,,,,,,,,Ei,"Yli 1 kk ajan ollut p‰ivitt‰in kuumetta, korkeimmillaan n. 38.5 astetta, ei ole ottanut kuumel‰‰kett‰.",,,,,,,,,,,,,,,,,,,,,,,,
,,,,,,,,,,,,,,,Minulla on ollut l‰mpˆ‰ 38.8-39.3 astetta.,,"Oletko ottanut kuumel‰‰kett‰ (esim. burana, panadol yms?)",valinta,Kyll‰,,Laskeeko sinulla kuume l‰‰kityksell‰?,valinta,Kyll‰,"Yli 1 kk ajan ollut p‰ivitt‰in kuumetta, korkeimmillaan n. 39 astetta, laskee kuumel‰‰kityksell‰.",,,,,,,,,,,,,,,,,,,,
,,,,,,,,,,,,,,,,,,,,,,,Ei,"Yli 1 kk ajan ollut p‰ivitt‰in kuumetta, korkeimmillaan n. 39 astetta, ei laske kuumel‰‰kityksell‰.",,,,,,,,,,,,,,,,,,,,
,,,,,,,,,,,,,,,,,,,Ei,"Yli 1 kk ajan ollut p‰ivitt‰in kuumetta, korkeimmillaan n. 39 astetta, ei ole ottanut kuumel‰‰kett‰.",,,,,,,,,,,,,,,,,,,,,,,,
,,,,,,,,,,,,,,,Minulla on ollut l‰mpˆ‰ 39.4-39.9 astetta.,,"Oletko ottanut kuumel‰‰kett‰ (esim. burana, panadol yms?)",valinta,Kyll‰,,Laskeeko sinulla kuume l‰‰kityksell‰?,valinta,Kyll‰,"Yli 1 kk ajan ollut p‰ivitt‰in kuumetta, korkeimmillaan melkein 40 astetta, laskee kuumel‰‰kityksell‰.",,,,,,,,,,,,,,,,,,,,
,,,,,,,,,,,,,,,,,,,,,,,Ei,"Yli 1 kk ajan ollut p‰ivitt‰in kuumetta, korkeimmillaan melkein 40 astetta, ei laske kuumel‰‰kityksell‰.",,,,,,,,,,,,,,,,,,,,
,,,,,,,,,,,,,,,,,,,Ei,"Yli 1 kk ajan ollut p‰ivitt‰in kuumetta, korkeimmillaan melkein 40 astetta, ei ole ottanut kuumel‰‰kett‰.",,,,,,,,,,,,,,,,,,,,,,,,
,,,,,,,,,,,,,,,Minulla on ollut l‰mpˆ‰ 40 astetta tai yli.,,"Oletko ottanut kuumel‰‰kett‰ (esim. burana, panadol yms?)",valinta,Kyll‰,,Laskeeko sinulla kuume l‰‰kityksell‰?,valinta,Kyll‰,"Yli 1 kk ajan ollut p‰ivitt‰in kuumetta, korkeimmillaan yli 40 astetta, laskee kuumel‰‰kityksell‰.",,,,,,,,,,,,,,,,,,,,
,,,,,,,,,,,,,,,,,,,,,,,Ei,"Yli1 kk ajan ollut p‰ivitt‰in kuumetta, korkeimmillaan yli 40 astetta, ei laske kuumel‰‰kityksell‰.",,,,,,,,,,,,,,,,,,,,
,,,,,,,,,,,,,,,,,,,Ei,"Yli 1 kk ajan ollut p‰ivitt‰in kuumetta, korkeimmillaan yli 40 astetta, ei ole ottanut kuumel‰‰kett‰.",,,,,,,,,,,,,,,,,,,,,,,,
,,,,,,,,,,,Minulla on ollut kuumetta ajoittain (kaikkina p‰ivin‰ ei ole kuumetta).,,Kuinka paljon kuumetta on ollut korkeimmillaan?,valinta,Minulla on ollut l‰mpˆ‰ 37.6-38.1 astetta.,"Yli 1 kk ajan ollut ajoittain kuumetta, korkeimmillaan noin 38 astetta.",,,,,,,,,,,,,,,,,,,,,,,,,,,,
,,,,,,,,,,,,,,,Minulla on ollut l‰mpˆ‰ 38.2-38.7 astetta.,,"Oletko ottanut kuumel‰‰kett‰ (esim. burana, panadol yms?)",valinta,Kyll‰,,Laskeeko sinulla kuume l‰‰kityksell‰?,valinta,Kyll‰,"Yli 1 kk ajan ollut ajoittain kuumetta, korkeimmillaan n.38.5 astetta, laskee kuumel‰‰kityksell‰.",,,,,,,,,,,,,,,,,,,,
,,,,,,,,,,,,,,,,,,,,,,,Ei,"Yli1 kk ajan ollut ajoittain kuumetta, korkeimmillaan n.38.5 astetta, ei laske kuumel‰‰kityksell‰.",,,,,,,,,,,,,,,,,,,,
,,,,,,,,,,,,,,,,,,,Ei,"Yli 1 kk ajan ollut ajoittain kuumetta, korkeimmillaan n. 38.5 astetta, ei ole ottanut kuumel‰‰kett‰.",,,,,,,,,,,,,,,,,,,,,,,,
,,,,,,,,,,,,,,,Minulla on ollut l‰mpˆ‰ 38.8-39.3 astetta.,,"Oletko ottanut kuumel‰‰kett‰ (esim. burana, panadol yms?)",valinta,Kyll‰,,Laskeeko sinulla kuume l‰‰kityksell‰?,valinta,Kyll‰,"Yli 1 kk ajan ollut ajoittain kuumetta, korkeimmillaan noin 39 astetta. Laskee kuumel‰‰kityksell‰.",,,,,,,,,,,,,,,,,,,,
,,,,,,,,,,,,,,,,,,,,,,,Ei,"Yli 1 kk ajan ollut ajoittain kuumetta, korkeimmillaan noin 39 astetta. Ei laske kuumel‰‰kityksell‰.",,,,,,,,,,,,,,,,,,,,
,,,,,,,,,,,,,,,,,,,Ei,"Yli 1 kk ajan ollut ajoittain kuumetta, korkeimmillaan noin 39 astetta. Ei ole ottanut kuumel‰‰kett‰.",,,,,,,,,,,,,,,,,,,,,,,,
,,,,,,,,,,,,,,,Minulla on ollut l‰mpˆ‰ 39.4-39.9 astetta.,,"Oletko ottanut kuumel‰‰kett‰ (esim. burana, panadol yms?)",valinta,Kyll‰,,Laskeeko sinulla kuume l‰‰kityksell‰?,valinta,Kyll‰,"Yli 1 kk ajan ollut ajoittain kuumetta, korkeimmillaan melkein 40 astetta. Laskee kuumel‰‰kityksell‰.",,,,,,,,,,,,,,,,,,,,
,,,,,,,,,,,,,,,,,,,,,,,Ei,"Yli 1 kk ajan ollut ajoittain kuumetta, korkeimmillaan melkein 40 astetta. Ei laske kuumel‰‰kityksell‰.",,,,,,,,,,,,,,,,,,,,
,,,,,,,,,,,,,,,,,,,Ei,"Yli 1 kk ajan ollut ajoittain kuumetta, korkeimmillaan melkein 40 astetta. Ei ole ottanut kuumel‰‰kett‰.",,,,,,,,,,,,,,,,,,,,,,,,
,,,,,,,,,,,,,,,Minulla on ollut l‰mpˆ‰ 40 astetta tai yli.,,"Oletko ottanut kuumel‰‰kett‰ (esim. burana, panadol yms?)",valinta,Kyll‰,,Laskeeko sinulla kuume l‰‰kityksell‰?,valinta,Kyll‰,"Yli 1 kk ajan ollut ajoittain kuumetta, korkeimmillaan yli 40 astetta. Laskee kuumel‰‰kityksell‰.",,,,,,,,,,,,,,,,,,,,
,,,,,,,,,,,,,,,,,,,,,,,Ei,"Yli 1 kk ajan ollut ajoittain kuumetta, korkeimmillaan yli 40 astetta. Ei laske kuumel‰‰kityksell‰.",,,,,,,,,,,,,,,,,,,,
,,,,,,,,,,,,,,,,,,,Ei,"Yli 1 kk ajan ollut ajoittain kuumetta, korkeimmillaan yli 40 astetta. Ei ole ottanut kuumel‰‰kett‰.",,,,,,,,,,,,,,,,,,,,,,,,
,,,Ei,L‰mpˆ ollut alle 37.5.,,,,,,,,,,,,,,,,,,,,,,,,,,,,,,,,,,,,,,,,
,,,"Minulla on kuumeinen olo, mutta en ole mitannut.","Kuumeinen olo, ei ole mitannut.",,,,,,,,,,,,,,,,,,,,,,,,,,,,,,,,,,,,,,,,
,,,"En osaa sanoa onko minulla kuumetta, en ole mitannut.","Ei osaa sanoa onko kuumetta, ei ole mitannut.",,,,,,,,,,,,,,,,,,,,,,,,,,,,,,,,,,,,,,,,
,Onko sinulla rintakipua?,valinta,Kyll‰,,Onko sinulla hengenahdistusta?,valinta,Kyll‰,Potilaalla rintakipua ja hengenahdistusta.,,,,,,,,,,,,,,,,,,,,,,,,,,,,,,,,,,,,
,,,,,,,Ei,"Potilaalla rintakipua, ei hengenahdistusta.",,,,,,,,,,,,,,,,,,,,,,,,,,,,,,,,,,,,
,,,,,,,En osaa sanoa,"Potilaalla rintakipua, ei osaa sanoa onko hengenahdistusta.",,,,,,,,,,,,,,,,,,,,,,,,,,,,,,,,,,,,
,,,Ei,,Onko sinulla hengenahdistusta?,valinta,Kyll‰,"Potilaalla hengenahdistusta, ei rintakipua.",,,,,,,,,,,,,,,,,,,,,,,,,,,,,,,,,,,,
,,,,,,,Ei,"Ei rintakipua, ei hengenahdistusta.",,,,,,,,,,,,,,,,,,,,,,,,,,,,,,,,,,,,
,,,,,,,En osaa sanoa,"Potilaalla ei ole rintakipua, mutta ei osaa sanoa onko hengenahdistusta.",,,,,,,,,,,,,,,,,,,,,,,,,,,,,,,,,,,,
,,,En osaa sanoa,,Onko sinulla hengenahdistusta?,valinta,Kyll‰,"Potilaalla on hengenahdistusta, ei osaa sanoa onko rintakipua.",,,,,,,,,,,,,,,,,,,,,,,,,,,,,,,,,,,,
,,,,,,,Ei,"Potilaalla ei ole hengenahdistusta, mutta ei osaa sanoa onko rintakipua.",,,,,,,,,,,,,,,,,,,,,,,,,,,,,,,,,,,,
,,,,,,,En osaa sanoa,Potilas ei osaa sanoa onko rintakipua tai hengenahdistusta.,,,,,,,,,,,,,,,,,,,,,,,,,,,,,,,,,,,,
