,KYSYMYSTEKSTI,TYYPPI,VAIHTOEHDOT,TEKSTI,KYSYMYSTEKSTI,TYYPPI,VAIHTOEHDOT,TEKSTI,KYSYMYSTEKSTI,TYYPPI,VAIHTOEHDOT,TEKSTI,KYSYMYSTEKSTI,TYYPPI,VAIHTOEHDOT,TEKSTI,KYSYMYSTEKSTI,TYYPPI,VAIHTOEHDOT,,,,,,,,,,,,,,,,,,,,,,,,,
,,,,,,,,,,,,,,,,,,,,,,,,,,,,,,,,,,,,,,,,,,,,
,Onko sinulla kipua vatsan alueella?,valinta,Kyllä,,Kuinka kauan nykyistä vatsakipua sinulla on ollut?,valinta,Vatsakipu on alkanut minulla tänään.,"Potilaalla kipua, joka on alkanut tänään,",,,,,,,,,,,,,,,,,,,,,,,,,,,,,,,,,,,,
,,,,,,,Minulla on ollut vatsakipua 1-3 vuorokauden ajan.,"Potilaalla ollut kipua 1-3 vrk:n ajan,",,,,,,,,,,,,,,,,,,,,,,,,,,,,,,,,,,,,
,,,,,,,Minulla on ollut vatsakipua 4-6 vuorokauden ajan.,"Potilaalla ollut kipua 4-6 vrk:n ajan,",,,,,,,,,,,,,,,,,,,,,,,,,,,,,,,,,,,,
,,,,,,,Minulla on ollut vatsakipua 1-2 viikon ajan.,"Potilaalla ollut kipua 1-2 vko ajan,",,,,,,,,,,,,,,,,,,,,,,,,,,,,,,,,,,,,
,,,,,,,Minulla on ollut vatsakipua 2 vko - 1kk ajan.,"Potilaalla ollut kipua 2 vko - 1kk ajan,",,,,,,,,,,,,,,,,,,,,,,,,,,,,,,,,,,,,
,,,,,,,Minulla on ollut vatsakipua yli kuukauden ajan.,"Potilaalla ollut kipua yli 1kk ajan,",,,,,,,,,,,,,,,,,,,,,,,,,,,,,,,,,,,,
,,,,,Missä kohtaa sinulla on vatsakipua?,valinta,Minulla on kipua koko vatsan alueella., koko vatsan alueella.,,,,,,,,,,,,,,,,,,,,,,,,,,,,,,,,,,,,
,,,,,,,Minulla on kipua ylävatsalla.,,Missä kohdassa ylävatsaa sinulla on kipua?,valinta,Minulla on kipua koko ylävatsan alueella., koko ylävatsan alueella.,,,,,,,,,,,,,,,,,,,,,,,,,,,,,,,,
,,,,,,,,,,,Minulla on kipua ylävatsalla oikealla puolella., oikealla puolella ylävatsaa.,,,,,,,,,,,,,,,,,,,,,,,,,,,,,,,,
,,,,,,,,,,,Minulla on kipua ylävatsalla keskellä., keskellä ylävatsaa.,,,,,,,,,,,,,,,,,,,,,,,,,,,,,,,,
,,,,,,,,,,,Minulla on kipua ylävatsalla vasemmalla puolella., vasemmalla puolella ylävatsaa.,,,,,,,,,,,,,,,,,,,,,,,,,,,,,,,,
,,,,,,,Minulla on kipua alavatsalla. ,,Missä kohdassa alavatsaa sinulla on kipua?,valinta,Minulla on kipua koko alavatsan alueella., koko alavatsan alueella.,,,,,,,,,,,,,,,,,,,,,,,,,,,,,,,,
,,,,,,,,,,,Minulla on kipua alavatsalla oikealla puolella., oikealla puolella alavatsaa.,,,,,,,,,,,,,,,,,,,,,,,,,,,,,,,,
,,,,,,,,,,,Minulla on kipua alavatsalla keskellä., keskellä alavatsaa.,,,,,,,,,,,,,,,,,,,,,,,,,,,,,,,,
,,,,,,,,,,,Minulla on kipua alavatsalla vasemmalla puolella., vasemmalla puolella alavatsaa.,,,,,,,,,,,,,,,,,,,,,,,,,,,,,,,,
,,,,,,,Minulla on kipua oikealla puolella vatsaa.,,Missä kohdassa oikealla puolella vatsaa sinulla on kipua?,valinta,Minulla on koko oikea puoli vatsasta kipeä., oikealla puolella vatsaa kauttaaltaan.,,,,,,,,,,,,,,,,,,,,,,,,,,,,,,,,
,,,,,,,,,,,Minulla on kipua ylävatsalla oikealla puolella., oikealla puolella ylävatsaa.,,,,,,,,,,,,,,,,,,,,,,,,,,,,,,,,
,,,,,,,,,,,Minulla on kipua alavatsalla oikealla puolella., oikealla puolella alavatsaa.,,,,,,,,,,,,,,,,,,,,,,,,,,,,,,,,
,,,,,,,Minulla on kipua keskellä vatsaa., keskellä vatsaa.,,,,,,,,,,,,,,,,,,,,,,,,,,,,,,,,,,,,
,,,,,,,Minulla on kipua navan seudulla., navan seudulla.,,,,,,,,,,,,,,,,,,,,,,,,,,,,,,,,,,,,
,,,,,,,Minulla on kipua vasemmalla puolella vatsaa.,,Missä kohdassa vasemmalla puolella vatsaa sinulla on kipua?,valinta,Minulla on koko vasen puoli vatsasta kipeä., vasemmalla puolella vatsaa kauttaaltaan.,,,,,,,,,,,,,,,,,,,,,,,,,,,,,,,,
,,,,,,,,,,,Minulla on kipua ylävatsalla vasemmalla puolella., vasemmalla puolella ylävatsaa.,,,,,,,,,,,,,,,,,,,,,,,,,,,,,,,,
,,,,,,,,,,,Minulla on kipua alavatsalla vasemmalla puolella., vasemmalla puolella alavatsaa.,,,,,,,,,,,,,,,,,,,,,,,,,,,,,,,,
,,,,,,,En osaa sanoa tarkkaan missä kohtaa kipua on.," vatsan alueella, ei osaa sanoa tarkkaan missä kohtaa vatsaa kipua on.",,,,,,,,,,,,,,,,,,,,,,,,,,,,,,,,,,,,
,,,,,Onko vatsakipusi jatkuva vai ajoittaista vai aaltoimaista?,valinta,Kipu on jatkuvaa.,,"Kuinka kova kipu on pahimillaan? Kipuasteikolla 1-10, jossa 1=ei juuri kipua lainkaan vrt 10=pahin mahdollinen sietämätön kipu.",ligert,,"Kipu on jatkuvaa, VAS pahimillaan __,",,,,,,,,,,,,,,,,,,,,,,,,,,,,,,,,
,,,,,,,Kipu on ajoittaista.,,"Kuinka kova kipu on pahimmillaan? Kipuasteikolla 1-10, jossa 1=ei juuri kipua lainkaan vrt 10=pahin mahdollinen sietämätön kipu.",ligert,,"Kipu on ajoittaista, VAS pahimillaan __,",,,,,,,,,,,,,,,,,,,,,,,,,,,,,,,,
,,,,,,,Kipu on aaltomaista.,,"Kuinka kova kipu on pahimillaan? Kipuasteikolla 1-10, jossa 1=ei juuri kipua lainkaan vrt 10=pahin mahdollinen sietämätön kipu.",ligert,,"Kipu on aaltomaista, VAS pahimillaan __,",,,,,,,,,,,,,,,,,,,,,,,,,,,,,,,,
,,,,,Onko vatsakipu koko ajan pahentunut?,valinta,Kyllä,Kipu on pahentunut koko ajan.,,,,,,,,,,,,,,,,,,,,,,,,,,,,,,,,,,,,
,,,,,,,Ei,Kipu ei ole pahentunut.,,,,,,,,,,,,,,,,,,,,,,,,,,,,,,,,,,,,
,,,,,,,En osaa sanoa,"Ei osaa sanoa, että onko kipu pahentunut.",,,,,,,,,,,,,,,,,,,,,,,,,,,,,,,,,,,,
,,,Ei,Ei vatsakipua.,,,,,,,,,,,,,,,,,,,,,,,,,,,,,,,,,,,,,,,,
,,,En osaa sanoa,Ei osaa sanoa onko vatsakipua.,,,,,,,,,,,,,,,,,,,,,,,,,,,,,,,,,,,,,,,,
,Onko sinulla viime aikoina ollut normaalista poikkeavia virtsaamisoireita?,valinta,Kyllä,,Kuinka kauan sinulla on ollut poikkeavia virtsaamisoireita?,valinta,Virtsaamisoireet ovat alkaneet minulla tänään.,,Onko sinulla virtsaamisen tarve lisääntynyt?,valinta,Kyllä,,Kirveleekö/onko sinulla kipua virtsatessa?,valinta,Kyllä,,Onko sinulla virtsaaminen vaikeutunut?,valinta,Kyllä,"Tänään alkanut tihentynyt virtsaamistarve, kirvelyä virtsatessa ja virtsaamisvaikeus.",,,,,,,,,,,,,,,,,,,,,,,,
,,,,,,,,,,,,,,,,,,,Ei,"Tänään alkanut tihentynyt virtsaamistarve, kirvelyä virtsatessa. Ei virtsaamisvaikeutta.",,,,,,,,,,,,,,,,,,,,,,,,
,,,,,,,,,,,,,,,Ei,,Onko sinulla virtsaaminen vaikeutunut?,valinta,Kyllä,Tänään alkanut tihentynyt virtsaamistarve ja virtsaamisvaikeus. Ei kirvelyä virtsatessa.,,,,,,,,,,,,,,,,,,,,,,,,
,,,,,,,,,,,,,,,,,,,Ei,"Tänään alkanut tihentynyt virtsaamistarve. Ei virtsaamisvaikeutta, ei kirvelyä virtsatessa.",,,,,,,,,,,,,,,,,,,,,,,,
,,,,,,,,,,,Ei,,Kirveleekö/onko sinulla kipua virtsatessa?,valinta,Kyllä,,Onko sinulla virtsaaminen vaikeutunut?,valinta,Kyllä,Tänään alkanut kirvely virtsatessa ja virtsaamisvaikeus. Ei tihentynyttä virtsaamistarvetta.,,,,,,,,,,,,,,,,,,,,,,,,
,,,,,,,,,,,,,,,,,,,Ei,"Tänään alkanut kirvely virtsatessa. Ei virtsaamisvaikeutta, ei tihentynyttä virtsaamistarvetta.",,,,,,,,,,,,,,,,,,,,,,,,
,,,,,,,,,,,,,,,Ei,,Onko sinulla virtsaaminen vaikeutunut?,valinta,Kyllä,"Tänään alkanut virtsaamisvaikeus. Ei tihentynyttä virtsaamistarvetta, ei kirvelyä virtsatessa.",,,,,,,,,,,,,,,,,,,,,,,,
,,,,,,,,,,,,,,,,,,,Ei,"Ei tihentynyttä virtsaamistarvetta, ei kirvelyä virtsatessa, ei virtsaamisvaikeutta.",,,,,,,,,,,,,,,,,,,,,,,,
,,,,,,,Minulla on ollut virtsaamisoireita 1-3 vuorokauden ajan.,,Onko sinulla virtsaamisen tarve lisääntynyt?,valinta,Kyllä,,Kirveleekö/onko sinulla kipua virtsatessa?,valinta,Kyllä,,Onko sinulla virtsaaminen vaikeutunut?,valinta,Kyllä,"1-3 vrk ajan ollut tihentynyttä virtsaamistarvetta, kirvelyä virtsatessa ja virtsaamisvaikeutta.",,,,,,,,,,,,,,,,,,,,,,,,
,,,,,,,,,,,,,,,,,,,Ei,"1-3 vrk ajan ollut tihentynyttä virtsaamistarvetta, kirvelyä virtsatessa. Ei virtsaamisvaikeutta.",,,,,,,,,,,,,,,,,,,,,,,,
,,,,,,,,,,,,,,,Ei,,Onko sinulla virtsaaminen vaikeutunut?,valinta,Kyllä,1-3 vrk ajan ollut tihentynyttä virtsaamistarvetta ja virtsaamisvaikeutta. Ei kirvelyä virtsatessa.,,,,,,,,,,,,,,,,,,,,,,,,
,,,,,,,,,,,,,,,,,,,Ei,"1-3 vrk ajan ollut tihentynyttä virtsaamistarvetta. Ei kirvelyä virtsatessa, ei virtsaamisvaikeutta.",,,,,,,,,,,,,,,,,,,,,,,,
,,,,,,,,,,,Ei,,Kirveleekö/onko sinulla kipua virtsatessa?,valinta,Kyllä,,Onko sinulla virtsaaminen vaikeutunut?,valinta,Kyllä,1-3 vrk ajan ollut kirvelyä virtsatessa ja virtsaamisvaikeutta. Ei tihentynyttä virtsaamistarvetta.,,,,,,,,,,,,,,,,,,,,,,,,
,,,,,,,,,,,,,,,,,,,Ei,"1-3 vrk ajan ollut kirvelyä virtsatessa. Ei virtsaamisvaikeutta, ei tihentynyttä virtsaamistarvetta.",,,,,,,,,,,,,,,,,,,,,,,,
,,,,,,,,,,,,,,,Ei,,Onko sinulla virtsaaminen vaikeutunut?,valinta,Kyllä,"1-3 vrk ajan ollut virtsaamisvaikeutta. Ei tihentynyttä virtsaamistarvetta, ei kirvelyä virtsatessa.",,,,,,,,,,,,,,,,,,,,,,,,
,,,,,,,,,,,,,,,,,,,Ei,"Ei tihentynyttä virtsaamistarvetta, ei kirvelyä virtsatessa, ei virtsaamisvaikeutta.",,,,,,,,,,,,,,,,,,,,,,,,
,,,,,,,Minulla on ollut virtsaamisoireita 4-6 vuorokauden ajan.,,Onko sinulla virtsaamisen tarve lisääntynyt?,valinta,Kyllä,,Kirveleekö/onko sinulla kipua virtsatessa?,valinta,Kyllä,,Onko sinulla virtsaaminen vaikeutunut?,valinta,Kyllä,"4-6 vrk ajan ollut tihentynyttä virtsaamistarvetta, kirvelyä virtsatessa ja virtsaamisvaikeutta.",,,,,,,,,,,,,,,,,,,,,,,,
,,,,,,,,,,,,,,,,,,,Ei,"4-6 vrk ajan ollut tihentynyttä virtsaamistarvetta, kirvelyä virtsatessa. Ei virtsaamisvaikeutta.",,,,,,,,,,,,,,,,,,,,,,,,
,,,,,,,,,,,,,,,Ei,,Onko sinulla virtsaaminen vaikeutunut?,valinta,Kyllä,4-6 vrk ajan ollut tihentynyttä virtsaamistarvetta ja virtsaamisvaikeutta. Ei kirvelyä virtsatessa.,,,,,,,,,,,,,,,,,,,,,,,,
,,,,,,,,,,,,,,,,,,,Ei,"4-6 vrk ajan ollut tihentynyttä virtsaamistarvetta. Ei kirvelyä virtsatessa, ei virtsaamisvaikeutta.",,,,,,,,,,,,,,,,,,,,,,,,
,,,,,,,,,,,Ei,,Kirveleekö/onko sinulla kipua virtsatessa?,valinta,Kyllä,,Onko sinulla virtsaaminen vaikeutunut?,valinta,Kyllä,4-6 vrk ajan ollut kirvelyä virtsatessa ja virtsaamisvaikeutta. Ei tihentynyttä virtsaamistarvetta.,,,,,,,,,,,,,,,,,,,,,,,,
,,,,,,,,,,,,,,,,,,,Ei,"4-6 vrk ajan ollut kirvelyä virtsatessa. Ei virtsaamisvaikeutta, ei tihentynyttä virtsaamistarvetta.",,,,,,,,,,,,,,,,,,,,,,,,
,,,,,,,,,,,,,,,Ei,,Onko sinulla virtsaaminen vaikeutunut?,valinta,Kyllä,"4-6 vrk ajan ollut virtsaamisvaikeutta. Ei tihentynyttä virtsaamistarvetta, ei kirvelyä virtsatessa.",,,,,,,,,,,,,,,,,,,,,,,,
,,,,,,,,,,,,,,,,,,,Ei,"Ei tihentynyttä virtsaamistarvetta, ei kirvelyä virtsatessa, ei virtsaamisvaikeutta.",,,,,,,,,,,,,,,,,,,,,,,,
,,,,,,,Minulla on ollut virtsaamisoireita 1-2 viikon ajan.,,Onko sinulla virtsaamisen tarve lisääntynyt?,valinta,Kyllä,,Kirveleekö/onko sinulla kipua virtsatessa?,valinta,Kyllä,,Onko sinulla virtsaaminen vaikeutunut?,valinta,Kyllä,"1-2 vko ajan ollut tihentynyttä virtsaamistarvetta, kirvelyä virtsatessa ja virtsaamisvaikeutta.",,,,,,,,,,,,,,,,,,,,,,,,
,,,,,,,,,,,,,,,,,,,Ei,"1-2 vko ajan ollut tihentynyttä virtsaamistarvetta, kirvelyä virtsatessa. Ei virtsaamisvaikeutta.",,,,,,,,,,,,,,,,,,,,,,,,
,,,,,,,,,,,,,,,Ei,,Onko sinulla virtsaaminen vaikeutunut?,valinta,Kyllä,1-2 vko ajan ollut tihentynyttä virtsaamistarvetta ja virtsaamisvaikeutta. Ei kirvelyä virtsatessa.,,,,,,,,,,,,,,,,,,,,,,,,
,,,,,,,,,,,,,,,,,,,Ei,"1-2 vko ajan ollut tihentynyttä virtsaamistarvetta. Ei kirvelyä virtsatessa, ei virtsaamisvaikeutta.",,,,,,,,,,,,,,,,,,,,,,,,
,,,,,,,,,,,Ei,,Kirveleekö/onko sinulla kipua virtsatessa?,valinta,Kyllä,,Onko sinulla virtsaaminen vaikeutunut?,valinta,Kyllä,1-2 vko ajan ollut kirvelyä virtsatessa ja virtsaamisvaikeutta. Ei tihentynyttä virtsaamistarvetta.,,,,,,,,,,,,,,,,,,,,,,,,
,,,,,,,,,,,,,,,,,,,Ei,"1-2 vko ajan ollut kirvelyä virtsatessa. Ei virtsaamisvaikeutta, ei tihentynyttä virtsaamistarvetta.",,,,,,,,,,,,,,,,,,,,,,,,
,,,,,,,,,,,,,,,Ei,,Onko sinulla virtsaaminen vaikeutunut?,valinta,Kyllä,"1-2 vko ajan ollut virtsaamisvaikeutta. Ei tihentynyttä virtsaamistarvetta, ei kirvelyä virtsatessa.",,,,,,,,,,,,,,,,,,,,,,,,
,,,,,,,,,,,,,,,,,,,Ei,"Ei tihentynyttä virtsaamistarvetta, ei kirvelyä virtsatessa, ei virtsaamisvaikeutta.",,,,,,,,,,,,,,,,,,,,,,,,
,,,,,,,MInulla on ollut virtsaamisoireita 2 viikon - 1 kk ajan.,,Onko sinulla virtsaamisen tarve lisääntynyt?,valinta,Kyllä,,Kirveleekö/onko sinulla kipua virtsatessa?,valinta,Kyllä,,Onko sinulla virtsaaminen vaikeutunut?,valinta,Kyllä,"2 vko - 1kk ajan ollut tihentynyttä virtsaamistarvetta, kirvelyä virtsatessa ja virtsaamisvaikeutta.",,,,,,,,,,,,,,,,,,,,,,,,
,,,,,,,,,,,,,,,,,,,Ei,"2 vko - 1kk ajan ollut tihentynyttä virtsaamistarvetta, kirvelyä virtsatessa. Ei virtsaamisvaikeutta.",,,,,,,,,,,,,,,,,,,,,,,,
,,,,,,,,,,,,,,,Ei,,Onko sinulla virtsaaminen vaikeutunut?,valinta,Kyllä,2 vko - 1kk ajan ollut tihentynyttä virtsaamistarvetta ja virtsaamisvaikeutta. Ei kirvelyä virtsatessa.,,,,,,,,,,,,,,,,,,,,,,,,
,,,,,,,,,,,,,,,,,,,Ei,"2 vko - 1kk ajan ollut tihentynyttä virtsaamistarvetta. Ei kirvelyä virtsatessa, ei virtsaamisvaikeutta.",,,,,,,,,,,,,,,,,,,,,,,,
,,,,,,,,,,,Ei,,Kirveleekö/onko sinulla kipua virtsatessa?,valinta,Kyllä,,Onko sinulla virtsaaminen vaikeutunut?,valinta,Kyllä,2 vko - 1kk ajan ollut kirvelyä virtsatessa ja virtsaamisvaikeutta. Ei tihentynyttä virtsaamistarvetta.,,,,,,,,,,,,,,,,,,,,,,,,
,,,,,,,,,,,,,,,,,,,Ei,"2 vko - 1kk ajan ollut kirvelyä virtsatessa. Ei virtsaamisvaikeutta, ei tihentynyttä virtsaamistarvetta.",,,,,,,,,,,,,,,,,,,,,,,,
,,,,,,,,,,,,,,,Ei,,Onko sinulla virtsaaminen vaikeutunut?,valinta,Kyllä,"2 vko - 1kk ajan ollut virtsaamisvaikeutta. Ei tihentynyttä virtsaamistarvetta, ei kirvelyä virtsatessa.",,,,,,,,,,,,,,,,,,,,,,,,
,,,,,,,,,,,,,,,,,,,Ei,"Ei tihentynyttä virtsaamistarvetta, ei kirvelyä virtsatessa, ei virtsaamisvaikeutta.",,,,,,,,,,,,,,,,,,,,,,,,
,,,,,,,MInulla on ollut virtsaamisoireita yli 1 kk ajan.,,Onko sinulla virtsaamisen tarve lisääntynyt?,valinta,Kyllä,,Kirveleekö/onko sinulla kipua virtsatessa?,valinta,Kyllä,,Onko sinulla virtsaaminen vaikeutunut?,valinta,Kyllä,"Yli kk ajan ollut tihentynyttä virtsaamistarvetta, kirvelyä virtsatessa ja virtsaamisvaikeutta.",,,,,,,,,,,,,,,,,,,,,,,,
,,,,,,,,,,,,,,,,,,,Ei,"Yli kk ajan ollut tihentynyttä virtsaamistarvetta, kirvelyä virtsatessa. Ei virtsaamisvaikeutta.",,,,,,,,,,,,,,,,,,,,,,,,
,,,,,,,,,,,,,,,Ei,,Onko sinulla virtsaaminen vaikeutunut?,valinta,Kyllä,Yli kk ajan ollut tihentynyttä virtsaamistarvetta ja virtsaamisvaikeutta. Ei kirvelyä virtsatessa.,,,,,,,,,,,,,,,,,,,,,,,,
,,,,,,,,,,,,,,,,,,,Ei,"Yli kk ajan ollut tihentynyttä virtsaamistarvetta. Ei kirvelyä virtsatessa, ei virtsaamisvaikeutta.",,,,,,,,,,,,,,,,,,,,,,,,
,,,,,,,,,,,Ei,,Kirveleekö/onko sinulla kipua virtsatessa?,valinta,Kyllä,,Onko sinulla virtsaaminen vaikeutunut?,valinta,Kyllä,Yli kk ajan ollut kirvelyä virtsatessa ja virtsaamisvaikeutta. Ei tihentynyttä virtsaamistarvetta.,,,,,,,,,,,,,,,,,,,,,,,,
,,,,,,,,,,,,,,,,,,,Ei,"Yli kk ajan ollut kirvelyä virtsatessa. Ei virtsaamisvaikeutta, ei tihentynyttä virtsaamistarvetta.",,,,,,,,,,,,,,,,,,,,,,,,
,,,,,,,,,,,,,,,Ei,,Onko sinulla virtsaaminen vaikeutunut?,valinta,Kyllä,"Yli kk ajan ollut virtsaamisvaikeutta. Ei tihentynyttä virtsaamistarvetta, ei kirvelyä virtsatessa.",,,,,,,,,,,,,,,,,,,,,,,,
,,,,,,,,,,,,,,,,,,,Ei,"Ei tihentynyttä virtsaamistarvetta, ei kirvelyä virtsatessa, ei virtsaamisvaikeutta.",,,,,,,,,,,,,,,,,,,,,,,,
,,,,,Onko virtsa ollut punaista oireiden aikana?,valinta,Kyllä,,Milloin virtsa on muuttunut punaiseksi?,valinta,Tänään,Tänään virtsa on muuttunut punaiseksi.,,,,,,,,,,,,,,,,,,,,,,,,,,,,,,,,
,,,,,,,,,,,1-3 vuorokautta sitten,1-3 vrk sitten virtsa on muuttunut punaiseksi.,,,,,,,,,,,,,,,,,,,,,,,,,,,,,,,,
,,,,,,,,,,,4-6 vuorokautta sitten,4-6 vrk sitten virtsa on muuttunut punaiseksi.,,,,,,,,,,,,,,,,,,,,,,,,,,,,,,,,
,,,,,,,,,,,1-2 viikkoa sitten,1-2 vko sitten virtsa on muuttunut punaiseksi.,,,,,,,,,,,,,,,,,,,,,,,,,,,,,,,,
,,,,,,,,,,,2 viikkoa - 1 kuukausi sitten,2 vko - 1 kk sitten virtsa on muuttunut punaiseksi.,,,,,,,,,,,,,,,,,,,,,,,,,,,,,,,,
,,,,,,,,,,,Yli 1 kuukausi sitten,Yli 1 kk sitten virtsa on muuttunut punaiseksi.,,,,,,,,,,,,,,,,,,,,,,,,,,,,,,,,
,,,,,,,Ei,Ei näkyvää hematuriaa.,,,,,,,,,,,,,,,,,,,,,,,,,,,,,,,,,,,,
,,,Ei,Virtsaaminen normaalia.,,,,,,,,,,,,,,,,,,,,,,,,,,,,,,,,,,,,,,,,
,,,En osaa sanoa,Ei osaa sanoa onko poikkeavia virtsaamisoireita.,,,,,,,,,,,,,,,,,,,,,,,,,,,,,,,,,,,,,,,,
,"Onko sinun ulostaminen ollut normaalista poikkeavaa (ripulia, ummetusta, tummia ulosteita, kirkasta verta) viime aikoina?",valinta,Kyllä,,Onko sinulla ripulia?,valinta,Kyllä,,Kuinka kauan sinulla on ollut ripulia?,valinta,Ripuli on alkanut tänään.,"Ripuli on alkanut tänään,",,,,,,,,,,,,,,,,,,,,,,,,,,,,,,,,
,,,,,,,,,,,Ripuli on kestänyt 1-3 vuorokauden ajan.,"Ripulia ollut 1-3 vrk ajan,",,,,,,,,,,,,,,,,,,,,,,,,,,,,,,,,
,,,,,,,,,,,Ripuli on kestänyt 4-6 vuorokauden ajan.,,"Onko ripuli viimeisen 2 vuorokauden aikana helpottanut, pysynyt samanlaisena vai pahentunut?",valinta,Ripulioireet ovat helpottuneet viimeisen 2 vrk aikana.,"4-6 vrk ajan ollut ripulia, joka viime päivinä helpottunut.",,,,,,,,,,,,,,,,,,,,,,,,,,,,
,,,,,,,,,,,,,,,Ripulioireet ovat pysyneet samanlaisina viimeisen 2 vrk aikana.,4-6 vrk ajan ollut ripulia.,,,,,,,,,,,,,,,,,,,,,,,,,,,,
,,,,,,,,,,,,,,,Ripulioireet ovat pahentuneet viimeisen 2 vrk aikana.,"4-6 vrk ajan ollut ripulia, joka viime päivinä pahentunut.",,,,,,,,,,,,,,,,,,,,,,,,,,,,
,,,,,,,,,,,Ripuli on kestänyt 1-2 viikon ajan.,,"Onko ripuli viimeisen 2 vuorokauden aikana helpottanut, pysynyt samanlaisena vai pahentunut?",valinta,Ripulioireet ovat helpottuneet viimeisen 2 vrk aikana.,"1-2 viikon ajan ollut ripulia, joka viime päivinä helpottunut.",,,,,,,,,,,,,,,,,,,,,,,,,,,,
,,,,,,,,,,,,,,,Ripulioireet ovat pysyneet samanlaisina viimeisen 2 vrk aikana.,1-2 viikon ajan ollut ripulia.,,,,,,,,,,,,,,,,,,,,,,,,,,,,
,,,,,,,,,,,,,,,Ripulioireet ovat pahentuneet viimeisen 2 vrk aikana.,"1-2 viikon ajan ollut ripulia, joka viime päivinä pahentunut.",,,,,,,,,,,,,,,,,,,,,,,,,,,,
,,,,,,,,,,,Ripuli on kestänyt 2 viikon - 1 kk ajan.,,"Onko ripuli viimeisen 2 vuorokauden aikana helpottanut, pysynyt samanlaisena vai pahentunut?",valinta,Ripulioireet ovat helpottuneet viimeisten päivien aikana.,"2 viikon - 1 kk ajan ollut ripulia, joka viime päivinä helpottunut.",,,,,,,,,,,,,,,,,,,,,,,,,,,,
,,,,,,,,,,,,,,,Ripulioireet ovat pysyneet samanlaisina viimeisten päivien aikana.,2 viikon - 1 kk ajan ollut ripulia.,,,,,,,,,,,,,,,,,,,,,,,,,,,,
,,,,,,,,,,,,,,,Ripulioireet ovat pahentuneet viimeisten päivien aikana.,"2 viikon - 1 kk ajan ollut ripulia, joka viime päivinä pahentunut.",,,,,,,,,,,,,,,,,,,,,,,,,,,,
,,,,,,,,,,,Ripuli on kestänyt yli 1 kk ajan.,,"Onko ripuli viimeisen 2 vuorokauden aikana helpottanut, pysynyt samanlaisena vai pahentunut?",valinta,Ripulioireet ovat helpottuneet viimeisten päivien aikana.,"Yli 1 kk ajan ollut ripulia, joka viime päivinä helpottunut.",,,,,,,,,,,,,,,,,,,,,,,,,,,,
,,,,,,,,,,,,,,,Ripulioireet ovat pysyneet samanlaisina viimeisten päivien aikana.,Yli 1 kk ajan ollut ripulia.,,,,,,,,,,,,,,,,,,,,,,,,,,,,
,,,,,,,,,,,,,,,Ripulioireet ovat pahentuneet viimeisten päivien aikana.,"Yli 1 kk ajan ollut ripulia, joka viime päivinä pahentunut.",,,,,,,,,,,,,,,,,,,,,,,,,,,,
,,,,,,,,,Kuinka monta kertaa olet ulostanut viimeisen vuorokauden aikana?,valinta,Olen ulostanut 1-3 kertaa vuorokaudessa.,"Viimeisen vrk:n aikana ulostanut 1-3 kertaa, ",,,,,,,,,,,,,,,,,,,,,,,,,,,,,,,,
,,,,,,,,,,,Olen ulostanut 4-8 kertaa vuorokaudessa.,"Viimeisen vrk:n aikana ulostanut 4-8 kertaa,",,,,,,,,,,,,,,,,,,,,,,,,,,,,,,,,
,,,,,,,,,,,Olen ulostanut yli 8 kertaa vuorokaudessa.,"Viimeisen vrk:n aikana ulostanut yli 8 kertaa,",,,,,,,,,,,,,,,,,,,,,,,,,,,,,,,,
,,,,,,,,,,,En osaa sanoa.,"Ei osaa sanoa kuinka monta kertaa on ulostanut vrk:n aikana,",,,,,,,,,,,,,,,,,,,,,,,,,,,,,,,,
,,,,,,,,,"Onko ripuli pääosin vesiripulia, löysää tai vaihteleeko näiden välillä?",valinta,Uloste on täysin vesiripulia., vesiripulia.,,,,,,,,,,,,,,,,,,,,,,,,,,,,,,,,
,,,,,,,,,,,"Uloste on koostumukseltaan välillä vesiripulia, välillä löysää ulostetta.", vaihtelua vesiripulin ja löysän välillä.,,,,,,,,,,,,,,,,,,,,,,,,,,,,,,,,
,,,,,,,,,,,Uloste on pääsääntöisesti löysää ulostetta., pääsääntöisesti löysää ulostetta.,,,,,,,,,,,,,,,,,,,,,,,,,,,,,,,,
,,,,,,,Ei,,Onko sinulla nyt ummetusta?,valinta,Kyllä,,Kuinka kauan sinulla on ollut ummetusta?,valinta,Minulla on ollut ummetusta alle viikon ajan.,Ummetusta ollut alle viikon ajan.,,,,,,,,,,,,,,,,,,,,,,,,,,,,
,,,,,,,,,,,,,,,Minulla on ollut ummetusta 1-4 viikon ajan.,Ummetusta ollut 1-4 viikon ajan.,,,,,,,,,,,,,,,,,,,,,,,,,,,,
,,,,,,,,,,,,,,,Minulla on ollut ummetusta yli kuukauden ajan.,Ummetusta ollut yli kuukauden ajan.,,,,,,,,,,,,,,,,,,,,,,,,,,,,
,,,,,,,,,,,,,Milloin viimeksi sinä olet ulostanut?,valinta,Olen ulostanut viimeksi 1-3 vuorokautta sitten.,On ulostanut viimeksi 1-3 vrk sitten.,,,,,,,,,,,,,,,,,,,,,,,,,,,,
,,,,,,,,,,,,,,,Olen ulostanut viimeksi 4-6 vuorokautta sitten.,On ulostanut viimeksi 4-6 vrk sitten.,,,,,,,,,,,,,,,,,,,,,,,,,,,,
,,,,,,,,,,,,,,,Olen ulostanut viimeksi yli viikko sitten.,On ulostanut viimeksi yli viikko sitten.,,,,,,,,,,,,,,,,,,,,,,,,,,,,
,,,,,,,,,,,Ei,"Ei ripulia, eikä ummetusta.",,,,,,,,,,,,,,,,,,,,,,,,,,,,,,,,
,,,,,Onko sinulla ollut tummia ulosteita?,valinta,Kyllä,,Kuinka kauan sinulla on ollut tummia ulosteita?,valinta,Minulla on alkanut tummat ulosteet tänään.,Tänään tullut tummia ulosteita.,,,,,,,,,,,,,,,,,,,,,,,,,,,,,,,,
,,,,,,,,,,,Minulla on ollut tummia ulosteita 1-3 vrk ajan.,1-3 vrk ajan on ollut tummia ulosteita.,,,,,,,,,,,,,,,,,,,,,,,,,,,,,,,,
,,,,,,,,,,,Minulla on ollut tummia ulosteita 4-6 vrk ajan.,4-6 vrk ajan on ollut tummia ulosteita.,,,,,,,,,,,,,,,,,,,,,,,,,,,,,,,,
,,,,,,,,,,,Minulla on ollut tummia ulosteita 1-2 viikon ajan.,1-2 vko ajan on ollut tummia ulosteita.,,,,,,,,,,,,,,,,,,,,,,,,,,,,,,,,
,,,,,,,,,,,Minulla on ollut tummia ulosteita 2 viikon -1 kk ajan.,2vko -1 kk ajan on ollut tummia ulosteita.,,,,,,,,,,,,,,,,,,,,,,,,,,,,,,,,
,,,,,,,,,,,Minulla on ollut tummia ulosteita yli 1 kk ajan.,Yli kk ajan on ollut tummia ulosteita.,,,,,,,,,,,,,,,,,,,,,,,,,,,,,,,,
,,,,,,,Ei,Ei tummia ulosteita.,,,,,,,,,,,,,,,,,,,,,,,,,,,,,,,,,,,,
,,,,,Onko sinulla nyt kirkasta verta ulostaessa tai pyyhkiessä?,valinta,Kyllä,,Kuinka kauan sinulla on ollut kirkasta verta ulostaessa tai pyyhkiessä?,valinta,Kirkasta verta on ollut tästä päivästä alkaen.,"Tänään on tullut kirkasta verta,",,,,,,,,,,,,,,,,,,,,,,,,,,,,,,,,
,,,,,,,,,,,Kirkasta verta on ollut 1-3 vrk ajan.,"1-3 vrk ajan on tullut kirkasta verta,",,,,,,,,,,,,,,,,,,,,,,,,,,,,,,,,
,,,,,,,,,,,Kirkasta verta on ollut 4-6 vrk ajan.,"4-6 vrk ajan on tullut kirkasta verta,",,,,,,,,,,,,,,,,,,,,,,,,,,,,,,,,
,,,,,,,,,,,Kirkasta verta on ollut 1-2 viikon ajan.,"1-2 vko ajan on tullut kirkasta verta,",,,,,,,,,,,,,,,,,,,,,,,,,,,,,,,,
,,,,,,,,,,,Kirkasta verta on ollut 2 viikon -1 kk ajan.,"2vko -1 kk ajan on tullut kirkasta verta,",,,,,,,,,,,,,,,,,,,,,,,,,,,,,,,,
,,,,,,,,,,,Kirkasta verta on ollut yli 1 kk ajan.,"Yli kk ajan on tullut kirkasta verta,",,,,,,,,,,,,,,,,,,,,,,,,,,,,,,,,
,,,,,,,,,Onko verta tullut vain pyyhkiessä vai myös ulostaessa?,valinta,Minulla on ollut kirkasta verta ainoastaan pyyhkiessä ulostamisen jälkeen., vessapaperiin pyyhkiessä.,,,,,,,,,,,,,,,,,,,,,,,,,,,,,,,,
,,,,,,,,,,,Minulla on ollut kirkasta verta ulostaessa ja pyyhkiessä., vessapaperiin pyyhkiessä ja ulosteen seassa.,,,,,,,,,,,,,,,,,,,,,,,,,,,,,,,,
,,,,,,,,,Onko sinulla joskus todettu peräpukamia?,valinta,Kyllä,Potilaalla on todettu aikaisemmin peräpukamia.,,,,,,,,,,,,,,,,,,,,,,,,,,,,,,,,
,,,,,,,,,,,Ei,Potilaalla ei ole todettu aikaisemmin peräpukamia.,,,,,,,,,,,,,,,,,,,,,,,,,,,,,,,,
,,,,,,,Ei,Ei kirkasta verta ulostamisen yhteydessä.,,,,,,,,,,,,,,,,,,,,,,,,,,,,,,,,,,,,
,,,,,Onko sinulla nyt ollut myös kipua ulostaessa?,valinta,Kyllä,Ollut myös kipua ulostamisen yhteydessä.,,,,,,,,,,,,,,,,,,,,,,,,,,,,,,,,,,,,
,,,,,,,Ei,Ei kipua ulostaessa.,,,,,,,,,,,,,,,,,,,,,,,,,,,,,,,,,,,,
,,,Ei,Ulostaminen normaalia/entisenlaista.,,,,,,,,,,,,,,,,,,,,,,,,,,,,,,,,,,,,,,,,
,,,En osaa sanoa,Ei osaa sanoa onko ulostaminen normaalista poikkeavaa.,,,,,,,,,,,,,,,,,,,,,,,,,,,,,,,,,,,,,,,,
,Onko sinulla viime aikoina ollut pahoinvointia?,valinta,Kyllä,,Kuinka kauan sinulla on ollut pahoinvointia ?,valinta,Pahoinvointi on alkanut minulla tänään.,Tästä päivästä alkaen,,,,,,,,,,,,,,,,,,,,,,,,,,,,,,,,,,,,
,,,,,,,Minulla on ollut pahoinvointia 1-3 vuorokauden ajan.,1-3 vrk ajan ollut,,,,,,,,,,,,,,,,,,,,,,,,,,,,,,,,,,,,
,,,,,,,Minulla on ollut pahoinvointia 4-6 vuorokauden ajan.,4-6 vrk ajan ollut,,,,,,,,,,,,,,,,,,,,,,,,,,,,,,,,,,,,
,,,,,,,Minulla on ollut pahoinvointia 1-2 viikon ajan.,1-2 viikon ajan ollut,,,,,,,,,,,,,,,,,,,,,,,,,,,,,,,,,,,,
,,,,,,,Minulla on ollut pahoinvointia 2 viikon - 1kk ajan.,2 viikon - 1kk ajan ollut,,,,,,,,,,,,,,,,,,,,,,,,,,,,,,,,,,,,
,,,,,,,Minulla on ollut pahoinvointia yli 1 kk ajan.,Yli 1 kk ajan ollut,,,,,,,,,,,,,,,,,,,,,,,,,,,,,,,,,,,,
,,,,,Onko pahoinvointi ollut jatkuvaa vai ajoittaista vai aaltomaista?,valinta,Minulla on koko ajan jatkuvaa pahoinvointia.,,Paheneeko pahoinvointisi koko ajan?,valinta,Kyllä,"jatkuvaa, pahenevaa pahoinvointia.",,,,,,,,,,,,,,,,,,,,,,,,,,,,,,,,
,,,,,,,,,,,Ei,"jatkuvaa pahoinvointia, joka ei ole pahentunut.",,,,,,,,,,,,,,,,,,,,,,,,,,,,,,,,
,,,,,,,"Minulla pahoinvointi vaihtelee (välillä helpottaa, mutta ei poistu kokonaan).",,Paheneeko pahoinvointisi koko ajan?,valinta,Kyllä,"aaltoilevaa, pahenevaa pahoinvointia.",,,,,,,,,,,,,,,,,,,,,,,,,,,,,,,,
,,,,,,,,,,,Ei,"aaltoilevaa pahoinvointia, ei ole pahentunut.",,,,,,,,,,,,,,,,,,,,,,,,,,,,,,,,
,,,,,,,Minulla on pahoinvointia ajoittain (poistuu kokonaan välillä).,,Paheneeko pahoinvointisi koko ajan?,valinta,Kyllä,"ajoittaista, pahenevaa pahoinvointia.",,,,,,,,,,,,,,,,,,,,,,,,,,,,,,,,
,,,,,,,,,,,Ei,"ajoittaista pahoinvointia, ei ole pahentunut.",,,,,,,,,,,,,,,,,,,,,,,,,,,,,,,,
,,,Ei,Ei pahoinvointia.,,,,,,,,,,,,,,,,,,,,,,,,,,,,,,,,,,,,,,,,
,Oletko viime aikoina oksentanut?,valinta,Kyllä,,Kuinka kauan sinulla on ollut oksentelua?,valinta,Oksentelu on alkanut minulla tänään.,,Kuinka monta kertaa viimeisen vuorokauden sisällä olet oksentanut?,valinta,1-2 kertaa,"Tänään alkanut oksentelu, viimeisen vrk aikana oksentanut 1-2 kertaa.",,,,,,,,,,,,,,,,,,,,,,,,,,,,,,,,
,,,,,,,,,,,3-5 kertaa,"Tänään alkanut oksentelu, viimeisen vrk aikana oksentanut 3-5 kertaa.",,,,,,,,,,,,,,,,,,,,,,,,,,,,,,,,
,,,,,,,,,,,yli 5 kertaa,"Tänään alkanut oksentelu, viimeisen vrk aikana oksentanut yli 5 kertaa.",,,,,,,,,,,,,,,,,,,,,,,,,,,,,,,,
,,,,,,,Minulla on ollut oksentelua 1-3 vuorokauden ajan.,,Kuinka monta kertaa viimeisen vuorokauden sisällä olet oksentanut?,valinta,1-2 kertaa,"1-3 vrk ajan ollut oksentelua, viimeisen vrk aikana oksentanut 1-2 kertaa.",,,,,,,,,,,,,,,,,,,,,,,,,,,,,,,,
,,,,,,,,,,,3-5 kertaa,"1-3 vrk ajan ollut oksentelua, viimeisen vrk aikana oksentanut 3-5 kertaa.",,,,,,,,,,,,,,,,,,,,,,,,,,,,,,,,
,,,,,,,,,,,yli 5 kertaa,"1-3 vrk ajan ollut oksentelua, viimeisen vrk aikana oksentanut yli 5 kertaa.",,,,,,,,,,,,,,,,,,,,,,,,,,,,,,,,
,,,,,,,Minulla on ollut oksentelua 4-6 vuorokauden ajan.,,Onko oksentelu pahentunut?,valinta,Kyllä,,Kuinka monta kertaa viime vuorokauden sisällä olet oksentanut?,valinta,1-2 kertaa,"4-6 vrk ajan ollut pahenevaa oksentelua, viimeisen vrk aikana oksentanut 1-2 kertaa.",,,,,,,,,,,,,,,,,,,,,,,,,,,,
,,,,,,,,,,,,,,,3-5 kertaa,"4-6 vrk ajan ollut pahenevaa oksentelua, viimeisen vrk aikana oksentanut 3-5 kertaa.",,,,,,,,,,,,,,,,,,,,,,,,,,,,
,,,,,,,,,,,,,,,yli 5 kertaa,"4-6 vrk ajan ollut pahenevaa oksentelua, viimeisen vrk aikana oksentanut yli 5 kertaa.",,,,,,,,,,,,,,,,,,,,,,,,,,,,
,,,,,,,,,,,Ei,,Kuinka monta kertaa viime vuorokauden sisällä olet oksentanut?,valinta,1-2 kertaa,"4-6 vrk ajan ollut oksentelua, viimeisen vrk aikana oksentanut 1-2 kertaa.",,,,,,,,,,,,,,,,,,,,,,,,,,,,
,,,,,,,,,,,,,,,3-5 kertaa,"4-6 vrk ajan ollut oksentelua, viimeisen vrk aikana oksentanut 3-5 kertaa.",,,,,,,,,,,,,,,,,,,,,,,,,,,,
,,,,,,,,,,,,,,,yli 5 kertaa,"4-6 vrk ajan ollut oksentelua, viimeisen vrk aikana oksentanut yli 5 kertaa.",,,,,,,,,,,,,,,,,,,,,,,,,,,,
,,,,,,,Minulla on ollut oksentelua 1-2 viikon ajan.,,Onko viime päivinä oksentelu pahentunut?,valinta,Kyllä,,Kuinka monta kertaa viimeisen vuorokauden sisällä olet oksentanut?,valinta,1-2 kertaa,"1-2 viikon ajan ollut pahenevaa oksentelua, viimeisen vrk aikana oksentanut 1-2 kertaa.",,,,,,,,,,,,,,,,,,,,,,,,,,,,
,,,,,,,,,,,,,,,3-5 kertaa,"1-2 viikon ajan ollut pahenevaa oksentelua,  viimeisen vrk aikana oksentanut 3-5 kertaa.",,,,,,,,,,,,,,,,,,,,,,,,,,,,
,,,,,,,,,,,,,,,yli 5 kertaa,"1-2 viikon ajan ollut pahenevaa oksentelua, viimeisen vrk aikana oksentanut yli 5 kertaa.",,,,,,,,,,,,,,,,,,,,,,,,,,,,
,,,,,,,,,,,Ei,,Kuinka monta kertaa viimeisen vuorokauden sisällä olet oksentanut?,valinta,1-2 kertaa,"1-2 viikon ajan ollut oksentelua, viimeisen vrk aikana oksentanut 1-2 kertaa.",,,,,,,,,,,,,,,,,,,,,,,,,,,,
,,,,,,,,,,,,,,,3-5 kertaa,"1-2 viikon ajan ollut oksentelua, viimeisen vrk aikana oksentanut 3-5 kertaa.",,,,,,,,,,,,,,,,,,,,,,,,,,,,
,,,,,,,,,,,,,,,yli 5 kertaa,"1-2 viikon ajan ollut oksentelua, viimeisen vrk aikana oksentanut yli 5 kertaa.",,,,,,,,,,,,,,,,,,,,,,,,,,,,
,,,,,,,Minulla on ollut oksentelua 2 viikon - 1kk ajan.,,Onko viime päivinä oksentelu pahentunut?,valinta,Kyllä,,Kuinka monta kertaa viimeisen vuorokauden sisällä olet oksentanut?,valinta,1-2 kertaa,"2 viikon - 1 kk ajan ollut pahenevaa oksentelua, viimeisen vrk aikana oksentanut 1-2 kertaa.",,,,,,,,,,,,,,,,,,,,,,,,,,,,
,,,,,,,,,,,,,,,3-5 kertaa,"2 viikon - 1 kk ajan ollut pahenevaa oksentelua, viimeisen vrk aikana oksentanut 3-5 kertaa.",,,,,,,,,,,,,,,,,,,,,,,,,,,,
,,,,,,,,,,,,,,,yli 5 kertaa,"2 viikon - 1 kk ajan ollut pahenevaa oksentelua, viimeisen vrk aikana oksentanut yli 5 kertaa.",,,,,,,,,,,,,,,,,,,,,,,,,,,,
,,,,,,,,,,,Ei,,Kuinka monta kertaa viimeisen vuorokauden sisällä olet oksentanut?,valinta,1-2 kertaa,"2 viikon - 1 kk ajan ollut oksentelua, viimeisen vrk aikana oksentanut 1-2 kertaa.",,,,,,,,,,,,,,,,,,,,,,,,,,,,
,,,,,,,,,,,,,,,3-5 kertaa,"2 viikon - 1 kk ajan ollut oksentelua, viimeisen vrk aikana oksentanut 3-5 kertaa.",,,,,,,,,,,,,,,,,,,,,,,,,,,,
,,,,,,,,,,,,,,,yli 5 kertaa,"2 viikon - 1 kk ajan ollut oksentelua, viimeisen vrk aikana oksentanut yli 5 kertaa.",,,,,,,,,,,,,,,,,,,,,,,,,,,,
,,,,,,,Minulla on ollut oksentelua yli kuukauden ajan.,,Onko viime päivinä oksentelu pahentunut?,valinta,Kyllä,,Kuinka monta kertaa viimeisen vuorokauden sisällä olet oksentanut?,valinta,1-2 kertaa,"Yli 1 kk ajan ollut pahenevaa oksentelua, viimeisen vrk aikana oksentanut 1-2 kertaa.",,,,,,,,,,,,,,,,,,,,,,,,,,,,
,,,,,,,,,,,,,,,3-5 kertaa,"Yli 1 kk ajan ollut pahenevaa oksentelua, viimeisen vrk aikana oksentanut 3-5 kertaa.",,,,,,,,,,,,,,,,,,,,,,,,,,,,
,,,,,,,,,,,,,,,yli 5 kertaa,"Yli 1 kk ajan ollut pahenevaa oksentelua, viimeisen vrk aikana oksentanut yli 5 kertaa.",,,,,,,,,,,,,,,,,,,,,,,,,,,,
,,,,,,,,,,,Ei,,Kuinka monta kertaa viimeisen vuorokauden sisällä olet oksentanut?,valinta,1-2 kertaa,"Yli 1 kk ajan ollut oksentelua, viimeisen vrk aikana oksentanut 1-2 kertaa.",,,,,,,,,,,,,,,,,,,,,,,,,,,,
,,,,,,,,,,,,,,,3-5 kertaa,"Yli 1 kk ajan ollut oksentelua, viimeisen vrk aikana oksentanut 3-5 kertaa.",,,,,,,,,,,,,,,,,,,,,,,,,,,,
,,,,,,,,,,,,,,,yli 5 kertaa,"Yli 1 kk ajan ollut oksentelua, viimeisen vrk aikana oksentanut yli 5 kertaa.",,,,,,,,,,,,,,,,,,,,,,,,,,,,
,,,,,Onko tullut verta oksennuksen mukana?,valinta,Kyllä,,Milloin verta on tullut ensimmäisen kerran oksennuksen mukana?,valinta,Tänään,,Kuinka monta kertaa verta on tullut oksennuksen mukana?,valinta,Kerran,Tänään on kerran tullut oksennuksen seassa verta.,,,,,,,,,,,,,,,,,,,,,,,,,,,,
,,,,,,,,,,,,,,,2-3 kertaa,Tänään on 2-3 kertaa tullut oksennuksen seassa verta.,,,,,,,,,,,,,,,,,,,,,,,,,,,,
,,,,,,,,,,,,,,,Yli 3 kertaa,Tänään on yli 3 kertaa tullut oksennuksen seassa  verta.,,,,,,,,,,,,,,,,,,,,,,,,,,,,
,,,,,,,,,,,1-3 vrk:tta sitten,,Kuinka monta kertaa verta on tullut oksennuksen mukana?,valinta,Kerran,1-3 vrk sitten on ollut kertaalleen oksennuksen seassa verta.,,,,,,,,,,,,,,,,,,,,,,,,,,,,
,,,,,,,,,,,,,,,2-4 kertaa,1-3 vrk aikana on ollut 2-4 kertaa oksennuksen seassa verta.,,,,,,,,,,,,,,,,,,,,,,,,,,,,
,,,,,,,,,,,,,,,yli 5 kertaa,1-3 vrk aikana on ollut yli 5 kertaa oksennuksen seassa verta.,,,,,,,,,,,,,,,,,,,,,,,,,,,,
,,,,,,,,,,,4-6 vrk:tta sitten,,Kuinka monta kertaa verta on tullut oksennuksen mukana?,valinta,Kerran,4-6 vrk sitten on kertaalleen oksennuksen seassa on ollut verta.,,,,,,,,,,,,,,,,,,,,,,,,,,,,
,,,,,,,,,,,,,,,2-4 kertaa,,Milloin viimeksi on verta tullut oksennuksen seassa?,valinta,Tänään,"4-6 vrk aikana on ollut 2-4 kertaa oksennuksen seassa verta, viimeksi tänään.",,,,,,,,,,,,,,,,,,,,,,,,
,,,,,,,,,,,,,,,,,,,1-2 vrk:tta sitten,"4-6 vrk aikana on ollut 2-4 kertaa oksennuksen seassa verta, viimeksi 1-2 vrk:tta sitten.",,,,,,,,,,,,,,,,,,,,,,,,
,,,,,,,,,,,,,,,,,,,Yli 2 vrk:tta sitten,"4-6 vrk aikana on ollut 2-4 kertaa oksennuksen seassa verta, viimeksi yli 2 vrk:tta sitten.",,,,,,,,,,,,,,,,,,,,,,,,
,,,,,,,,,,,,,,,yli 5 kertaa,,Milloin viimeksi on verta tullut oksennuksen seassa?,valinta,Tänään,"4-6 vrk aikana on tullut yli 5 kertaa oksennuksen seassa verta, viimeksi tänään.",,,,,,,,,,,,,,,,,,,,,,,,
,,,,,,,,,,,,,,,,,,,1-2 vrk:tta sitten,"4-6 vrk aikana on ollut yli 5 kertaa oksennuksen seassa verta, viimeksi 1-2 vrk:tta sitten.",,,,,,,,,,,,,,,,,,,,,,,,
,,,,,,,,,,,,,,,,,,,Yli 2 vrk:tta sitten,"4-6 vrk aikana on ollut yli 5ckertaa oksennuksen seassa verta, viimeksi yli 2 vrk:tta sitten.",,,,,,,,,,,,,,,,,,,,,,,,
,,,,,,,,,,,1-2 viikkoa sitten,,Kuinka monta kertaa verta on tullut oksennuksen mukana?,valinta,Kerran,1-2 vko sitten on kertaalleen oksennuksen seassa on ollut verta.,,,,,,,,,,,,,,,,,,,,,,,,,,,,
,,,,,,,,,,,,,,,2-4 kertaa,,Milloin viimeksi on verta tullut oksennuksen seassa?,valinta,Tänään,"1-2 viikon aikana on ollut 2-4 kertaa oksennuksen seassa verta, viimeksi tänään.",,,,,,,,,,,,,,,,,,,,,,,,
,,,,,,,,,,,,,,,,,,,1-3 vrk:tta sitten,"1-2 viikon aikana on ollut 2-4 kertaa oksennuksen seassa verta, viimeksi 1-3 vrk:tta sitten.",,,,,,,,,,,,,,,,,,,,,,,,
,,,,,,,,,,,,,,,,,,,4-6 vrk:tta sitten,"1-2 viikon aikana on ollut 2-4 kertaa oksennuksen seassa verta, viimeksi 4-6 vrk:tta sitten.",,,,,,,,,,,,,,,,,,,,,,,,
,,,,,,,,,,,,,,,,,,,Yli viikko sitten,"1-2 viikon aikana on ollut 2-4 kertaa oksennuksen seassa verta, viimeksi yli viikko sitten.",,,,,,,,,,,,,,,,,,,,,,,,
,,,,,,,,,,,,,,,yli 5 kertaa,,Milloin viimeksi on verta tullut oksennuksen seassa?,valinta,Tänään,"1-2 viikon aikana on ollut yli 5 kertaa oksennuksen seassa verta, viimeksi tänään.",,,,,,,,,,,,,,,,,,,,,,,,
,,,,,,,,,,,,,,,,,,,1-3 vrk:tta sitten,"1-2 viikon aikana on ollut yli 5 kertaa oksennuksen seassa verta, viimeksi 1-3 vrk:tta sitten.",,,,,,,,,,,,,,,,,,,,,,,,
,,,,,,,,,,,,,,,,,,,4-6 vrk:tta sitten,"1-2 viikon aikana on ollut yli 5 kertaa oksennuksen seassa verta, viimeksi 4-6 vrk:tta sitten.",,,,,,,,,,,,,,,,,,,,,,,,
,,,,,,,,,,,,,,,,,,,Yli viikko sitten,"1-2 viikon aikana on ollut yli 5 kertaa oksennuksen seassa verta, viimeksi yli viikko sitten.",,,,,,,,,,,,,,,,,,,,,,,,
,,,,,,,,,,,Yli 2 viikkoa sitten,,Kuinka monta kertaa verta on tullut oksennuksen mukana?,valinta,Kerran,Yli 2 vko sitten on kertaalleen oksennuksen seassa on ollut verta.,,,,,,,,,,,,,,,,,,,,,,,,,,,,
,,,,,,,,,,,,,,,2-4 kertaa,,Milloin viimeksi on verta tullut oksennuksen seassa?,valinta,Tänään,"Yli 2 viikon aikana on ollut 2-4 kertaa oksennuksen seassa verta, viimeksi tänään.",,,,,,,,,,,,,,,,,,,,,,,,
,,,,,,,,,,,,,,,,,,,1-3 vrk:tta sitten,"Yli 2 viikon aikana on ollut 2-4 kertaa oksennuksen seassa verta, viimeksi 1-3 vrk:tta sitten.",,,,,,,,,,,,,,,,,,,,,,,,
,,,,,,,,,,,,,,,,,,,4-6 vrk:tta sitten,"Yli 2 viikon aikana on ollut 2-4 kertaa oksennuksen seassa verta, viimeksi 4-6 vrk:tta sitten.",,,,,,,,,,,,,,,,,,,,,,,,
,,,,,,,,,,,,,,,,,,,Yli viikko sitten,"Yli 2 viikon aikana on ollut 2-4 kertaa oksennuksen seassa verta, viimeksi yli viikko sitten.",,,,,,,,,,,,,,,,,,,,,,,,
,,,,,,,,,,,,,,,yli 5 kertaa,,Milloin viimeksi on verta tullut oksennuksen seassa?,valinta,Tänään,"Yli 2 viikon aikana on ollut yli 5 kertaa oksennuksen seassa verta, viimeksi tänään.",,,,,,,,,,,,,,,,,,,,,,,,
,,,,,,,,,,,,,,,,,,,1-3 vrk:tta sitten,"Yli 2 viikon aikana on ollut yli 5 kertaa oksennuksen seassa verta, viimeksi 1-3 vrk:tta sitten.",,,,,,,,,,,,,,,,,,,,,,,,
,,,,,,,,,,,,,,,,,,,4-6 vrk:tta sitten,"Yli 2 viikon aikana on ollut yli 5 kertaa oksennuksen seassa verta, viimeksi 4-6 vrk:tta sitten.",,,,,,,,,,,,,,,,,,,,,,,,
,,,,,,,,,,,,,,,,,,,Yli viikko sitten,"Yli 2 viikon aikana on ollut yli 5 kertaa oksennuksen seassa verta, viimeksi yli viikko sitten.",,,,,,,,,,,,,,,,,,,,,,,,
,,,,,,,Ei,Ei verta oksennuksen seassa.,,,,,,,,,,,,,,,,,,,,,,,,,,,,,,,,,,,,
,,,,,,,En osaa sanoa,Ei osaa sanoa onko tullut verta oksennuksen mukana.,,,,,,,,,,,,,,,,,,,,,,,,,,,,,,,,,,,,
,,,Ei,Ei oksentelua.,,,,,,,,,,,,,,,,,,,,,,,,,,,,,,,,,,,,,,,,
,Onko sinulla viime aikoina ollut närästystä?,valinta,Kyllä,,Onko sinulla ollut närästystä päivittäin vai ajoittain?,valinta,Närästystä on esiintynyt päivittäin.,Närästystä päivittäin.,,,,,,,,,,,,,,,,,,,,,,,,,,,,,,,,,,,,
,,,,,,,Närästystä on esiintynyt ajoittain.,Närästystä ajoittain.,,,,,,,,,,,,,,,,,,,,,,,,,,,,,,,,,,,,
,,,Ei,Ei närästystä.,,,,,,,,,,,,,,,,,,,,,,,,,,,,,,,,,,,,,,,,
,,,En osaa sanoa,Ei osaa sanoa onko ollut närästystä.,,,,,,,,,,,,,,,,,,,,,,,,,,,,,,,,,,,,,,,,
NAISET,"Onko sinulla viime aikoina esiintynyt poikkeavia gynekologisia oireita (vuotoa, kipua, kirvelyä yms)",valinta,Kyllä,,Onko sinulla nyt ollut poikkeavaa vuotoa emättimestä.,valinta,Kyllä,,Kuinka kauan sinulla on ollut poikkeavaa vuotoa?,valinta,Oireet ovat alkaneet minulla tänään.,,Minkälaista vuotoa sinulla on ollut?,valinta,Minulla on lisääntynyttä valkovuotoa,Tänään tullut norm. enemmän valkovuotoa.,,,,,,,,,,,,,,,,,,,,,,,,,,,,
,,,,,,,,,,,,,,,Minulla on kellertävää vuotoa,Tänään tullut kellertävää vuotoa emättimestä.,,,,,,,,,,,,,,,,,,,,,,,,,,,,
,,,,,,,,,,,,,,,Minulla on rusehtavaa vuotoa,Tänään tullut rusehtavaa vuotoa emättimestä.,,,,,,,,,,,,,,,,,,,,,,,,,,,,
,,,,,,,,,,,,,,,Minulla on veristä vuotoa,Tänään alkanut verinen vuoto emättimestä.,,,,,,,,,,,,,,,,,,,,,,,,,,,,
,,,,,,,,,,,,,,,"Minulla on poikkeavaa vuotoa, mutta en osaa sanoa millä tavalla poikkeavaa.","Tänään alkanut poikkeava vuoto emättimestä, ei osaa sanoa millä tavalla poikkeavaa.",,,,,,,,,,,,,,,,,,,,,,,,,,,,
,,,,,,,,,,,Minulla on ollut oireita 1-3 vrk ajan.,,Minkälaista vuotoa sinulla on ollut?,valinta,Minulla on lisääntynyttä valkovuotoa,1-3 vrk ajan ollut norm. enemmän valkovuotoa.,,,,,,,,,,,,,,,,,,,,,,,,,,,,
,,,,,,,,,,,,,,,Minulla on kellertävää vuotoa,1-3 vrk ajan ollut kellertävää vuotoa emättimestä.,,,,,,,,,,,,,,,,,,,,,,,,,,,,
,,,,,,,,,,,,,,,Minulla on rusehtavaa vuotoa,1-3 vrk ajan ollut rusehtavaa vuotoa emättimestä.,,,,,,,,,,,,,,,,,,,,,,,,,,,,
,,,,,,,,,,,,,,,Minulla on veristä vuotoa,1-3 vrk ajan ollut veristä vuotoa emättimestä.,,,,,,,,,,,,,,,,,,,,,,,,,,,,
,,,,,,,,,,,,,,,"Minulla on poikkeavaa vuotoa, mutta en osaa sanoa millä tavalla poikkeavaa.","1-3 vrk:n ajan ollut poikkeavaa vuotoa emättimestä, ei osaa sanoa millä tavalla poikkeavaa.",,,,,,,,,,,,,,,,,,,,,,,,,,,,
,,,,,,,,,,,Minulla on ollut oireita 4-6 vrk ajan.,,Minkälaista vuotoa sinulla on ollut?,valinta,Minulla on lisääntynyttä valkovuotoa,4-6 vrk ajan ollut norm. enemmän valkovuotoa.,,,,,,,,,,,,,,,,,,,,,,,,,,,,
,,,,,,,,,,,,,,,Minulla on kellertävää vuotoa,4-6 vrk ajan ollut kellertävää vuotoa emättimestä.,,,,,,,,,,,,,,,,,,,,,,,,,,,,
,,,,,,,,,,,,,,,Minulla on rusehtavaa vuotoa,4-6 vrk ajan ollut rusehtavaa vuotoa emättimestä.,,,,,,,,,,,,,,,,,,,,,,,,,,,,
,,,,,,,,,,,,,,,Minulla on veristä vuotoa,,Onko verinen vuoto lisääntynyt koko ajan?,valinta,Kyllä,4-6 vrk ajan ollut koko ajan lisääntyvää veristä vuotoa.,,,,,,,,,,,,,,,,,,,,,,,,
,,,,,,,,,,,,,,,,,,,Ei,4-6 vrk ajan ollut veristä vuotoa.,,,,,,,,,,,,,,,,,,,,,,,,
,,,,,,,,,,,,,,,Minulla on epämääräistä vuotoa ts. en osaa kuvailla vuotoa,4-6 vrk:n ajan epämääräistä vuotoa emättimestä.,,,,,,,,,,,,,,,,,,,,,,,,,,,,
,,,,,,,,,,,Minulla on ollut oireita 1-2 viikon ajan.,,Minkälaista vuotoa sinulla on ollut?,valinta,Minulla on lisääntynyttä valkovuotoa,1-2 vko ajan ollut norm. enemmän valkovuotoa.,,,,,,,,,,,,,,,,,,,,,,,,,,,,
,,,,,,,,,,,,,,,Minulla on kellertävää vuotoa,1-2 vko ajan ollut kellertävää vuotoa emättimestä.,,,,,,,,,,,,,,,,,,,,,,,,,,,,
,,,,,,,,,,,,,,,Minulla on rusehtavaa vuotoa,1-2 vko ajan ollut rusehtavaa vuotoa emättimestä.,,,,,,,,,,,,,,,,,,,,,,,,,,,,
,,,,,,,,,,,,,,,Minulla on veristä vuotoa,,Onko verinen vuoto lisääntynyt koko ajan?,valinta,Kyllä,1-2 vko ajan ollut koko ajan lisääntyvää veristä vuotoa.,,,,,,,,,,,,,,,,,,,,,,,,
,,,,,,,,,,,,,,,,,,,Ei,1-2 vko ajan ollut veristä vuotoa.,,,,,,,,,,,,,,,,,,,,,,,,
,,,,,,,,,,,,,,,Minulla on epämääräistä vuotoa ts. en osaa kuvailla vuotoa,1-2 vko:n ajan epämääräistä vuotoa emättimestä.,,,,,,,,,,,,,,,,,,,,,,,,,,,,
,,,,,,,,,,,Minulla on ollut oireita yli 2 viikon ajan.,,Minkälaista vuotoa sinulla on ollut?,valinta,Minulla on lisääntynyttä valkovuotoa,Yli 2 vko ajan ollut norm. enemmän valkovuotoa.,,,,,,,,,,,,,,,,,,,,,,,,,,,,
,,,,,,,,,,,,,,,Minulla on kellertävää vuotoa,Yli 2 vko ajan ollut kellertävää vuotoa.,,,,,,,,,,,,,,,,,,,,,,,,,,,,
,,,,,,,,,,,,,,,Minulla on rusehtavaa vuotoa,Yli 2 vko ajan ollut rusehtavaa vuotoa.,,,,,,,,,,,,,,,,,,,,,,,,,,,,
,,,,,,,,,,,,,,,Minulla on veristä vuotoa,,Onko verinen vuoto lisääntynyt koko ajan?,valinta,Kyllä,Yli 2 vko ajan ollut koko ajan lisääntyvää veristä vuotoa.,,,,,,,,,,,,,,,,,,,,,,,,
,,,,,,,,,,,,,,,,,,,Ei,Yli 2 vko ajan ollut koko ajan lisääntyvää veristä vuotoa.,,,,,,,,,,,,,,,,,,,,,,,,
,,,,,,,,,,,,,,,Minulla on epämääräistä vuotoa ts. en osaa kuvailla vuotoa,Yli 2 vko:n ajan ollut epämääräistä vuotoa emättimestä.,,,,,,,,,,,,,,,,,,,,,,,,,,,,
,,,,,,,Ei,Ei poikkeavaa gyn. vuotoa.,,,,,,,,,,,,,,,,,,,,,,,,,,,,,,,,,,,,
,,,,,,,En osaa sanoa,Ei osaa sanoa onko ollut poikkeavaa gyn.vuotoa.,,,,,,,,,,,,,,,,,,,,,,,,,,,,,,,,,,,,
,,,,,Onko sinulla kutinaa sukupuolielimissä?,valinta,Kyllä,,Onko sinulla kirvelyä sukupuolielimissä?,valinta,Kyllä,,Onko sinulla kipua sukupuolielimissä?,valinta,Kyllä,,Kuinka kauan näitä oireita on esiintynyt?,valinta,Oireet ovat alkaneet tänään,"Tänään alkanut kutinaa, kirvelyä ja kipua genitaalialueella.",,,,,,,,,,,,,,,,,,,,,,,,
,,,,,,,,,,,,,,,,,,,Oireita on ollut 1-3 vrk ajan,,Ovatko oireet pahentuneet koko ajan?,valinta,Kyllä,"1-3 vrk ajan ollut pahenevaa kutinaa, kirvelyä ja kipua genitaalialueella.",,,,,,,,,,,,,,,,,,,,
,,,,,,,,,,,,,,,,,,,,,,,Ei,"1-3 vrk ajan ollut kutinaa, kirvelyä ja kipua genitaalialueella.",,,,,,,,,,,,,,,,,,,,
,,,,,,,,,,,,,,,,,,,Oireita on ollut 4-6 vrk ajan,,Ovatko oireet pahentuneet koko ajan?,valinta,Kyllä,"4-6 vrk ajan ollut pahenevaa kutinaa, kirvelyä ja kipua genitaalialueella.",,,,,,,,,,,,,,,,,,,,
,,,,,,,,,,,,,,,,,,,,,,,Ei,"4-6 vrk ajan ollut kutinaa, kirvelyä ja kipua genitaalialueella.",,,,,,,,,,,,,,,,,,,,
,,,,,,,,,,,,,,,,,,,Oireita on ollut 1-2 vko ajan,,Ovatko oireet pahentuneet koko ajan?,valinta,Kyllä,"1-2 vko ajan ollut pahenevaa kutinaa, kirvelyä ja kipua genitaalialueella.",,,,,,,,,,,,,,,,,,,,
,,,,,,,,,,,,,,,,,,,,,,,Ei,"1-2 vko ajan ollut kutinaa, kirvelyä ja kipua genitaalialueella.",,,,,,,,,,,,,,,,,,,,
,,,,,,,,,,,,,,,,,,,Oireita on ollut yli 2 vko ajan,,Ovatko oireet pahentuneet koko ajan?,valinta,Kyllä,"yli 2 vko ajan ollut pahenevaa kutinaa, kirvelyä ja kipua genitaalialueella.",,,,,,,,,,,,,,,,,,,,
,,,,,,,,,,,,,,,,,,,,,,,Ei,"Yli 2 vko ajan ollut kutinaa, kirvelyä ja kipua genitaalialueella.",,,,,,,,,,,,,,,,,,,,
,,,,,,,,,,,,,,,Ei,,Kuinka kauan kutinaa ja kirvelyä on esiintynyt?,valinta,Oireet ovat alkaneet tänään,Tänään alkanut kutinaa ja kirvelyä genitaalialueella.,,,,,,,,,,,,,,,,,,,,,,,,
,,,,,,,,,,,,,,,,,,,Oireita on ollut 1-3 vrk ajan,,Ovatko oireet pahentuneet koko ajan?,valinta,Kyllä,1-3 vrk ajan ollut pahenevaa kutinaa ja kirvelyä genitaalialueella.,,,,,,,,,,,,,,,,,,,,
,,,,,,,,,,,,,,,,,,,,,,,Ei,1-3 vrk ajan ollut kutinaa ja kirvelyä genitaalialueella.,,,,,,,,,,,,,,,,,,,,
,,,,,,,,,,,,,,,,,,,Oireita on ollut 4-6 vrk ajan,,Ovatko oireet pahentuneet koko ajan?,valinta,Kyllä,4-6 vrk ajan ollut pahenevaa kutinaa ja kirvelyä genitaalialueella.,,,,,,,,,,,,,,,,,,,,
,,,,,,,,,,,,,,,,,,,,,,,Ei,4-6 vrk ajan ollut kutinaa ja kirvelyä genitaalialueella.,,,,,,,,,,,,,,,,,,,,
,,,,,,,,,,,,,,,,,,,Oireita on ollut 1-2 vko ajan,,Ovatko oireet pahentuneet koko ajan?,valinta,Kyllä,1-2 vko ajan ollut pahenevaa kutinaa ja kirvelyä genitaalialueella.,,,,,,,,,,,,,,,,,,,,
,,,,,,,,,,,,,,,,,,,,,,,Ei,1-2 vko ajan ollut kutinaa ja kirvelyä genitaalialueella.,,,,,,,,,,,,,,,,,,,,
,,,,,,,,,,,,,,,,,,,Oireita on ollut yli 2 vko ajan,,Ovatko oireet pahentuneet koko ajan?,valinta,Kyllä,yli 2 vko ajan ollut pahenevaa kutinaa ja kirvelyä genitaalialueella.,,,,,,,,,,,,,,,,,,,,
,,,,,,,,,,,,,,,,,,,,,,,Ei,yli 2 vko ajan ollut kutinaa ja kirvelyä sukupuolielimissä.,,,,,,,,,,,,,,,,,,,,
,,,,,,,,,,,Ei,,Onko sinulla kipua sukupuolielimissä?,valinta,Kyllä,,Kuinka kauan kutinaa ja kipua on esiintynyt?,valinta,Oireet ovat alkaneet tänään,Tänään alkanut kutinaa ja kipua genitaalialueella.,,,,,,,,,,,,,,,,,,,,,,,,
,,,,,,,,,,,,,,,,,,,Oireita on ollut 1-3 vrk ajan,,Ovatko oireet pahentuneet koko ajan?,valinta,Kyllä,1-3 vrk ajan ollut pahenevaa kutinaa ja kipua genitaalialueella.,,,,,,,,,,,,,,,,,,,,
,,,,,,,,,,,,,,,,,,,,,,,Ei,1-3 vrk ajan ollut kutinaa ja kipua genitaalialueella.,,,,,,,,,,,,,,,,,,,,
,,,,,,,,,,,,,,,,,,,Oireita on ollut 4-6 vrk ajan,,Ovatko oireet pahentuneet koko ajan?,valinta,Kyllä,4-6 vrk ajan ollut pahenevaa kutinaa ja kipua genitaalialueella.,,,,,,,,,,,,,,,,,,,,
,,,,,,,,,,,,,,,,,,,,,,,Ei,4-6 vrk ajan ollut kutinaa ja kipua genitaalialueella.,,,,,,,,,,,,,,,,,,,,
,,,,,,,,,,,,,,,,,,,Oireita on ollut 1-2 vko ajan,,Ovatko oireet pahentuneet koko ajan?,valinta,Kyllä,1-2 vko ajan ollut pahenevaa kutinaa ja kipua genitaalialueella.,,,,,,,,,,,,,,,,,,,,
,,,,,,,,,,,,,,,,,,,,,,,Ei,1-2 vko ajan ollut kutinaa ja kipua genitaalialueella.,,,,,,,,,,,,,,,,,,,,
,,,,,,,,,,,,,,,,,,,Oireita on ollut yli 2 vko ajan,,Ovatko oireet pahentuneet koko ajan?,valinta,Kyllä,yli 2 vko ajan ollut pahenevaa kutinaa ja kipua genitaalialueella.,,,,,,,,,,,,,,,,,,,,
,,,,,,,,,,,,,,,,,,,,,,,Ei,yli 2 vko ajan ollut kutinaa ja kipua genitaalialueella.,,,,,,,,,,,,,,,,,,,,
,,,,,,,,,,,,,,,Ei,,Kuinka kauan kutinaa on esiintynyt?,valinta,Kutina on alkanut tänään,"Tänään on alkanut kutina genitaalialueella, ei kirvelyä/kipua.",,,,,,,,,,,,,,,,,,,,,,,,
,,,,,,,,,,,,,,,,,,,Kutinaa on ollut 1-3 vrk ajan,,Ovatko oireet pahentuneet koko ajan?,valinta,Kyllä,1-3 vrk ajan ollut pahenevaa kutinaa genitaalialueella. Ei kirvelyä/kipua.,,,,,,,,,,,,,,,,,,,,
,,,,,,,,,,,,,,,,,,,,,,,Ei,1-3 vrk ajan ollut kutinaa genitaalialueella. Ei kirvelyä/kipua.,,,,,,,,,,,,,,,,,,,,
,,,,,,,,,,,,,,,,,,,Kutinaa on ollut 4-6 vrk ajan,,Ovatko oireet pahentuneet koko ajan?,valinta,Kyllä,4-6 vrk ajan ollut pahenevaa kutinaa genitaalialueella. Ei kirvelyä/kipua.,,,,,,,,,,,,,,,,,,,,
,,,,,,,,,,,,,,,,,,,,,,,Ei,4-6 vrk ajan ollut kutinaa genitaalialueella. Ei kirvelyä/kipua.,,,,,,,,,,,,,,,,,,,,
,,,,,,,,,,,,,,,,,,,Kutinaa on ollut 1-2 vko ajan,,Ovatko oireet pahentuneet koko ajan?,valinta,Kyllä,1-2 vko ajan ollut pahenevaa kutinaa genitaalialueella. Ei kirvelyä/kipua.,,,,,,,,,,,,,,,,,,,,
,,,,,,,,,,,,,,,,,,,,,,,Ei,1-2 vko ajan ollut kutinaa genitaalialueella. Ei kirvelyä/kipua.,,,,,,,,,,,,,,,,,,,,
,,,,,,,,,,,,,,,,,,,Kutinaa on ollut yli 2 vko ajan,,Ovatko oireet pahentuneet koko ajan?,valinta,Kyllä,yli 2 vko ajan ollut pahenevaa kutinaa genitaalialueella. Ei kirvelyä/kipua.,,,,,,,,,,,,,,,,,,,,
,,,,,,,,,,,,,,,,,,,,,,,Ei,yli 2 vko ajan ollut kutinaa genitaalialueella. Ei kirvelyä/kipua.,,,,,,,,,,,,,,,,,,,,
,,,,,,,Ei,,Onko sinulla kirvelyä sukupuolielimissä?,valinta,Kyllä,,Onko sinulla kipua sukupuolielimissä?,valinta,Kyllä,,Kuinka kauan kirvelyä ja kipua on esiintynyt?,valinta,Oireet ovat alkaneet tänään,Tänään on alkanut kirvely ja kipu genitaalialueella. Ei kutinaa.,,,,,,,,,,,,,,,,,,,,,,,,
,,,,,,,,,,,,,,,,,,,Oireita on ollut 1-3 vrk ajan,,Ovatko oireet pahentuneet koko ajan?,valinta,Kyllä,1-3 vrk ajan ollut pahenevaa kirvelyä ja kipua genitaalialueella. Ei kutinaa.,,,,,,,,,,,,,,,,,,,,
,,,,,,,,,,,,,,,,,,,,,,,Ei,1-3 vrk ajan ollut kirvelyä ja kipua genitaalialueella. Ei kutinaa.,,,,,,,,,,,,,,,,,,,,
,,,,,,,,,,,,,,,,,,,Oireita on ollut 4-6 vrk ajan,,Ovatko oireet pahentuneet koko ajan?,valinta,Kyllä,4-6 vrk ajan ollut pahenevaa kirvelyä ja kipua genitaalialueella. Ei kutinaa.,,,,,,,,,,,,,,,,,,,,
,,,,,,,,,,,,,,,,,,,,,,,Ei,4-6 vrk ajan ollut kirvelyä ja kipua genitaalialueella. Ei kutinaa.,,,,,,,,,,,,,,,,,,,,
,,,,,,,,,,,,,,,,,,,Oireita on ollut 1-2 vko ajan,,Ovatko oireet pahentuneet koko ajan?,valinta,Kyllä,1-2 vko ajan ollut pahenevaa kirvelyä ja kipua genitaalialueella. Ei kutinaa.,,,,,,,,,,,,,,,,,,,,
,,,,,,,,,,,,,,,,,,,,,,,Ei,1-2 vko ajan ollut kirvelyä ja kipua genitaalialueella. Ei kutinaa.,,,,,,,,,,,,,,,,,,,,
,,,,,,,,,,,,,,,,,,,Oireita on ollut yli 2 vko ajan,,Ovatko oireet pahentuneet koko ajan?,valinta,Kyllä,yli 2 vko ajan ollut pahenevaa kirvelyä ja kipua genitaalialueella. Ei kutinaa.,,,,,,,,,,,,,,,,,,,,
,,,,,,,,,,,,,,,,,,,,,,,Ei,yli 2 vko ajan ollut kirvelyä ja kipua genitaalialueella. Ei kutinaa.,,,,,,,,,,,,,,,,,,,,
,,,,,,,,,,,,,,,Ei,,Kuinka kauan kirvelyä on esiintynyt?,valinta,Kirvely on alkanut tänään,Tänään on alkanut kirvely genitaalialueella. Ei kutinaa.,,,,,,,,,,,,,,,,,,,,,,,,
,,,,,,,,,,,,,,,,,,,Kirvelyä on ollut 1-3 vrk ajan,,Ovatko oireet pahentuneet koko ajan?,valinta,Kyllä,1-3 vrk ajan ollut pahenevaa kirvelyä genitaalialueella. Ei kutinaa.,,,,,,,,,,,,,,,,,,,,
,,,,,,,,,,,,,,,,,,,,,,,Ei,1-3 vrk ajan ollut kirvelyä genitaalialueella. Ei kutinaa.,,,,,,,,,,,,,,,,,,,,
,,,,,,,,,,,,,,,,,,,Kirvelyä on ollut 4-6 vrk ajan,,Ovatko oireet pahentuneet koko ajan?,valinta,Kyllä,4-6 vrk ajan ollut pahenevaa kirvelyä genitaalialueella. Ei kutinaa.,,,,,,,,,,,,,,,,,,,,
,,,,,,,,,,,,,,,,,,,,,,,Ei,4-6 vrk ajan ollut kirvelyä genitaalialueella. Ei kutinaa.,,,,,,,,,,,,,,,,,,,,
,,,,,,,,,,,,,,,,,,,Kirvelyä on ollut 1-2 vko ajan,,Ovatko oireet pahentuneet koko ajan?,valinta,Kyllä,1-2 vko ajan ollut pahenevaa kirvelyä genitaalialueella. Ei kutinaa.,,,,,,,,,,,,,,,,,,,,
,,,,,,,,,,,,,,,,,,,,,,,Ei,1-2 vko ajan ollut kirvelyä genitaalialueella. Ei kutinaa.,,,,,,,,,,,,,,,,,,,,
,,,,,,,,,,,,,,,,,,,Kirvelyä on ollut yli 2 vko ajan,,Ovatko oireet pahentuneet koko ajan?,valinta,Kyllä,yli 2 vko ajan ollut pahenevaa kirvelyä genitaalialueella. Ei kutinaa.,,,,,,,,,,,,,,,,,,,,
,,,,,,,,,,,,,,,,,,,,,,,Ei,yli 2 vko ajan ollut kirvelyä genitaalialueella. Ei kutinaa.,,,,,,,,,,,,,,,,,,,,
,,,,,,,,,,,Ei,,Onko sinulla kipua sukupuolielimissä?,valinta,Kyllä,,Kuinka kauan kipua on esiintynyt?,valinta,Kipu on alkanut tänään,Tänään on alkanut kipu genitaalialueella. Ei kutinaa.,,,,,,,,,,,,,,,,,,,,,,,,
,,,,,,,,,,,,,,,,,,,Kipua on ollut 1-3 vrk ajan,,Ovatko oireet pahentuneet koko ajan?,valinta,Kyllä,1-3 vrk ajan ollut pahenevaa kipua genitaalialueella. Ei kutinaa.,,,,,,,,,,,,,,,,,,,,
,,,,,,,,,,,,,,,,,,,,,,,Ei,1-3 vrk ajan ollut kipua genitaalialueella. Ei kutinaa.,,,,,,,,,,,,,,,,,,,,
,,,,,,,,,,,,,,,,,,,Kipua on ollut 4-6 vrk ajan,,Ovatko oireet pahentuneet koko ajan?,valinta,Kyllä,4-6 vrk ajan ollut pahenevaa kipua genitaalialueella. Ei kutinaa.,,,,,,,,,,,,,,,,,,,,
,,,,,,,,,,,,,,,,,,,,,,,Ei,4-6 vrk ajan ollut kipua genitaalialueella. Ei kutinaa.,,,,,,,,,,,,,,,,,,,,
,,,,,,,,,,,,,,,,,,,Kipua on ollut 1-2 vko ajan,,Ovatko oireet pahentuneet koko ajan?,valinta,Kyllä,1-2 vko ajan ollut pahenevaa kipua genitaalialueella. Ei kutinaa.,,,,,,,,,,,,,,,,,,,,
,,,,,,,,,,,,,,,,,,,,,,,Ei,1-2 vko ajan ollut kipua genitaalialueella. Ei kutinaa.,,,,,,,,,,,,,,,,,,,,
,,,,,,,,,,,,,,,,,,,Kipua on ollut yli 2 vko ajan,,Ovatko oireet pahentuneet koko ajan?,valinta,Kyllä,yli 2 vko ajan ollut pahenevaa kipua genitaalialueella. Ei kutinaa.,,,,,,,,,,,,,,,,,,,,
,,,,,,,,,,,,,,,,,,,,,,,Ei,yli 2 vko ajan ollut kipua genitaalialueella. Ei kutinaa.,,,,,,,,,,,,,,,,,,,,
,,,,,,,,,,,,,,,Ei,"Ei kutinaa, kirvelyä tai kipua genitaalialueella.",,,,,,,,,,,,,,,,,,,,,,,,,,,,
,,,,,"Onko sukupuolielinalueelle ilmestynyt viime aikoina poikkeavia muutoksia; patti/patteja, rakkuloita, haavaumia ja/tai ihottumaa/ihomuutos?",valinta,Minulle on tullut patti/patit,,Milloin olet huomannut patin?,valinta,Olen huomannut patin/patit tänään.,Potilas on tänään huomannut patin/patit genitaalialueella.,,,,,,,,,,,,,,,,,,,,,,,,,,,,,,,,
,,,,,,,,,,,Olen huomannut patin/patit 1-3 vrk sitten,Potilas on 1-3 vrk:tta sitten huomannut patin/patit genitaalialueella.,,,,,,,,,,,,,,,,,,,,,,,,,,,,,,,,
,,,,,,,,,,,Olen huomannut patin/patit 4-6 vrk:tta sitten.,Potilas on 4-6 vrk:tta sitten huomannut patin/patit genitaalialueella.,,,,,,,,,,,,,,,,,,,,,,,,,,,,,,,,
,,,,,,,,,,,Olen huomannut patin/patit 1-2 vko sitten.,Potilas on 1-2 vko:a sitten huomannut patin/patit genitaalialueella.,,,,,,,,,,,,,,,,,,,,,,,,,,,,,,,,
,,,,,,,,,,,Olen huomannut patin/patit yli 2 vko:a sitten.,Potilas on yli 2 vko:a sitten huomannut patin/patit genitaalialueella.,,,,,,,,,,,,,,,,,,,,,,,,,,,,,,,,
,,,,,,,Minulle on tullut rakkuloita,,Milloin olet huomannut rakkulat?,valinta,Olen huomannut rakkulat tänään.,Potilas on tänään huomannut rakkuloita genitaalialueella.,,,,,,,,,,,,,,,,,,,,,,,,,,,,,,,,
,,,,,,,,,,,Olen huomannut rakkulat 1-3 vrk sitten,Potilas on 1-3 vrk:tta sitten huomannut rakkuloita genitaalialueella.,,,,,,,,,,,,,,,,,,,,,,,,,,,,,,,,
,,,,,,,,,,,Olen huomannut rakkulat 4-6 vrk:tta sitten.,Potilas on 4-6 vrk:tta sitten huomannut rakkuloita genitaalialueella.,,,,,,,,,,,,,,,,,,,,,,,,,,,,,,,,
,,,,,,,,,,,Olen huomannut rakkulat 1-2 vko sitten.,Potilas on 1-2 vko:a sitten huomannut rakkuloita genitaalialueella.,,,,,,,,,,,,,,,,,,,,,,,,,,,,,,,,
,,,,,,,,,,,Olen huomannut rakkulat yli 2 vko:a sitten.,Potilas on yli 2 vko:a sitten huomannut rakkuloita genitaalialueella.,,,,,,,,,,,,,,,,,,,,,,,,,,,,,,,,
,,,,,,,Minulla on tullut haavauma,,Milloin olet huomannut haavan/haavat?,valinta,Olen huomannut haavan tänään.,Potilas on tänään huomannut haavaumaa genitaalialueella.,,,,,,,,,,,,,,,,,,,,,,,,,,,,,,,,
,,,,,,,,,,,Olen huomannut haavan 1-3 vrk sitten,Potilas on 1-3 vrk:tta sitten huomannut haavaumaa genitaalialueella.,,,,,,,,,,,,,,,,,,,,,,,,,,,,,,,,
,,,,,,,,,,,Olen huomannut haavan 4-6 vrk:tta sitten.,Potilas on 4-6 vrk:tta sitten huomannut haavaumaa genitaalialueella.,,,,,,,,,,,,,,,,,,,,,,,,,,,,,,,,
,,,,,,,,,,,Olen huomannut haavan 1-2 vko sitten.,Potilas on 1-2 vko:a sitten huomannut haavaumaa genitaalialueella.,,,,,,,,,,,,,,,,,,,,,,,,,,,,,,,,
,,,,,,,,,,,Olen huomannut haavan yli 2 vko:a sitten.,Potilas on yli 2 vko:a sitten huomannut haavaumaa genitaalialueella.,,,,,,,,,,,,,,,,,,,,,,,,,,,,,,,,
,,,,,,,Minulle on tullut ihottuma/ihomuutos,,Milloin olet huomannut ihottuman/ihomuutoksen?,valinta,Olen huomannut ihottuman/ihomuutoksen tänään.,Potilas on tänään huomannut ihottuman/ihomuutoksen genitaalialueella.,,,,,,,,,,,,,,,,,,,,,,,,,,,,,,,,
,,,,,,,,,,,Olen huomannut ihottuman/ihomuutoksen 1-3 vrk sitten,Potilas on 1-3 vrk:tta sitten huomannut ihottuman/ihomuutoksen genitaalialueella.,,,,,,,,,,,,,,,,,,,,,,,,,,,,,,,,
,,,,,,,,,,,Olen huomannut ihottuman/ihomuutoksen 4-6 vrk:tta sitten.,Potilas on 4-6 vrk:tta sitten huomannut ihottuman/ihomuutoksen genitaalialueella.,,,,,,,,,,,,,,,,,,,,,,,,,,,,,,,,
,,,,,,,,,,,Olen huomannut ihottuman/ihomuutoksen 1-2 vko sitten.,Potilas on 1-2 vko:a sitten huomannut ihottuman/ihomuutoksen genitaalialueella.,,,,,,,,,,,,,,,,,,,,,,,,,,,,,,,,
,,,,,,,,,,,Olen huomannut ihottuman/ihomuutoksen yli 2 vko:a sitten.,Potilas on yli 2 vko:a sitten huomannut ihottuman/ihomuutoksen genitaalialueella.,,,,,,,,,,,,,,,,,,,,,,,,,,,,,,,,
,,,,,,,Minulle ei ole tullut mitään yllä olevista muutoksista.,"Ei patteja, rakkuloita, ihottumaa/ihomuutoksia tai haavaumia genitaalialueella.",,,,,,,,,,,,,,,,,,,,,,,,,,,,,,,,,,,,
,,,,,Onko sukupuolielinalueella punoitusta?,valinta,Kyllä,,Kuumoittaako myös alue?,valinta,Kyllä,,Onko alueella turvotusta?,valinta,Kyllä,"Genitaalialue kuumoittaa, punoittaa ja turvottaa.",,,,,,,,,,,,,,,,,,,,,,,,,,,,
,,,,,,,,,,,,,,,Ei,"Genitaalialue kuumoittaa ja punoittaa, mutta ei turvotusta.",,,,,,,,,,,,,,,,,,,,,,,,,,,,
,,,,,,,,,,,Ei,,Onko alueella turvotusta?,valinta,Kyllä,"Genitaalialue punoittaa ja turvottaa, mutta ei kuumoitusta.",,,,,,,,,,,,,,,,,,,,,,,,,,,,
,,,,,,,,,,,,,,,Ei,"Genitaalialue punoittaa, mutta ei kuumoitusta eikä turvotusta.",,,,,,,,,,,,,,,,,,,,,,,,,,,,
,,,,,,,Ei,,Kuumoittaako alue?,valinta,Kyllä,,Onko alueella turvotusta?,valinta,Kyllä,"Genitaalialue kuumoittaa ja turvottaa, mutta ei punoita.",,,,,,,,,,,,,,,,,,,,,,,,,,,,
,,,,,,,,,,,,,,,Ei,"Genitaalialue kuumoittaa, mutta ei punoita eikä turvota.",,,,,,,,,,,,,,,,,,,,,,,,,,,,
,,,,,,,,,,,Ei,,Onko alueella turvotusta?,valinta,Kyllä,"Genitaalialueella on turvotusta, mutta ei kuumoitusta tai punoitusta.",,,,,,,,,,,,,,,,,,,,,,,,,,,,
,,,,,,,,,,,,,,,Ei,"Ei turvotusta, kuumoitusta tai punoitusta genitaalialueella.",,,,,,,,,,,,,,,,,,,,,,,,,,,,
NAISET,,,Ei,Ei gynekologisia oireita.,,,,,,,,,,,,,,,,,,,,,,,,,,,,,,,,,,,,,,,,
,"Onko sinulla kuumetta yli 37,5 astetta?",valinta,Kyllä,,Kuinka kauan sinulla on ollut kuumetta yli 37.5 astetta?,valinta,Kuume on alkanut minulla tänään.,,Kuinka paljon kuumetta on ollut korkeimmillaan?,valinta,Minulla on ollut lämpöä 37.6-38.1 astetta.,Tänään on noussut lämpö noin 38 asteeseen.,,,,,,,,,,,,,,,,,,,,,,,,,,,,,,,,
,,,,,,,,,,,Minulla on ollut lämpöä 38.2-38.7 astetta.,,"Oletko ottanut kuumelääkettä (esim. burana, panadol yms?)",valinta,Kyllä,,Laskeeko sinulla kuume lääkityksellä?,valinta,Kyllä,"Kuume noussut tänään noin 38.5 asteeseen, laskee kuumelääkityksellä.",,,,,,,,,,,,,,,,,,,,,,,,
,,,,,,,,,,,,,,,,,,,Ei,"Kuume noussut tänään noin 38.5 asteeseen, ei laske kuumelääkityksellä.",,,,,,,,,,,,,,,,,,,,,,,,
,,,,,,,,,,,,,,,Ei,"Kuume noussut tänään noin 38.5 asteeseen, ei ole ottanut kuumelääkettä.",,,,,,,,,,,,,,,,,,,,,,,,,,,,
,,,,,,,,,,,Minulla on ollut lämpöä 38.8-39.3 astetta.,,"Oletko ottanut kuumelääkettä (esim. burana, panadol yms?)",valinta,Kyllä,,Laskeeko sinulla kuume lääkityksellä?,valinta,Kyllä,"Kuume noussut tänään noin 39 asteeseen, laskee kuumelääkityksellä.",,,,,,,,,,,,,,,,,,,,,,,,
,,,,,,,,,,,,,,,,,,,Ei,"Kuume noussut tänään noin 39 asteeseen, ei laske kuumelääkityksellä.",,,,,,,,,,,,,,,,,,,,,,,,
,,,,,,,,,,,,,,,Ei,"Kuume noussut tänään noin 39 asteeseen, ei ole ottanut kuumelääkettä.",,,,,,,,,,,,,,,,,,,,,,,,,,,,
,,,,,,,,,,,Minulla on ollut lämpöä 39.4-39.9 astetta.,,"Oletko ottanut kuumelääkettä (esim. burana, panadol yms?)",valinta,Kyllä,,Laskeeko sinulla kuume lääkityksellä?,valinta,Kyllä,"Kuume noussut tänään noin 39,5 asteeseen, laskee kuumelääkityksellä.",,,,,,,,,,,,,,,,,,,,,,,,
,,,,,,,,,,,,,,,,,,,Ei,"Kuume noussut tänään noin 39,5 asteeseen, ei laske kuumelääkityksellä.",,,,,,,,,,,,,,,,,,,,,,,,
,,,,,,,,,,,,,,,Ei,"Kuume noussut tänään noin 39,5 asteeseen, ei ole ottanut kuumelääkettä.",,,,,,,,,,,,,,,,,,,,,,,,,,,,
,,,,,,,,,,,Minulla on ollut lämpöä 40 astetta tai yli.,,"Oletko ottanut kuumelääkettä (esim. burana, panadol yms?)",valinta,Kyllä,,Laskeeko sinulla kuume lääkityksellä?,valinta,Kyllä,"Kuume noussut tänään yli 40 asteeseen, laskee kuumelääkityksellä.",,,,,,,,,,,,,,,,,,,,,,,,
,,,,,,,,,,,,,,,,,,,Ei,"Kuume noussut tänään yli 40 asteeseen, ei laske kuumelääkityksellä.",,,,,,,,,,,,,,,,,,,,,,,,
,,,,,,,,,,,,,,,Ei,"Kuume noussut tänään yli 40 asteeseen, ei ole ottanut kuumelääkettä.",,,,,,,,,,,,,,,,,,,,,,,,,,,,
,,,,,,,Minulla on ollut kuumetta 1-3 vuorokauden ajan.,,Kuinka paljon kuumetta on ollut korkeimmillaan?,valinta,Minulla on ollut lämpöä 37.6-38.1 astetta.,1-3 vrk ajan ollut kuumetta noin 38 astetta.,,,,,,,,,,,,,,,,,,,,,,,,,,,,,,,,
,,,,,,,,,,,Minulla on ollut lämpöä 38.2-38.7 astetta.,,"Oletko ottanut kuumelääkettä (esim. burana, panadol yms?)",valinta,Kyllä,,Laskeeko sinulla kuume lääkityksellä?,valinta,Kyllä,"1-3 vrk ajan ollut kuumetta, korkeimmillaan noin 38.5 astetta, laskee kuumelääkityksellä.",,,,,,,,,,,,,,,,,,,,,,,,
,,,,,,,,,,,,,,,,,,,Ei,"1-3 vrk ajan ollut kuumetta, korkeimmillaan noin 38.5 astetta, ei laske kuumelääkityksellä.",,,,,,,,,,,,,,,,,,,,,,,,
,,,,,,,,,,,,,,,Ei,"1-3 vrk ajan ollut kuumetta, korkeimmillaan noin 38.5 astetta, ei ole ottanut kuumelääkettä.",,,,,,,,,,,,,,,,,,,,,,,,,,,,
,,,,,,,,,,,Minulla on ollut lämpöä 38.8-39.3 astetta.,,"Oletko ottanut kuumelääkettä (esim. burana, panadol yms?)",valinta,Kyllä,,Laskeeko sinulla kuume lääkityksellä?,valinta,Kyllä,"1-3 vrk ajan ollut kuumetta, korkeimmillaan noin 39 astetta, laskee kuumelääkityksellä.",,,,,,,,,,,,,,,,,,,,,,,,
,,,,,,,,,,,,,,,,,,,Ei,"1-3 vrk ajan ollut kuumetta, korkeimmillaan noin 39 astetta, ei laske kuumelääkityksellä.",,,,,,,,,,,,,,,,,,,,,,,,
,,,,,,,,,,,,,,,Ei,"1-3 vrk ajan ollut kuumetta, korkeimmillaan noin 39 astetta, ei ole ottanut kuumelääkettä.",,,,,,,,,,,,,,,,,,,,,,,,,,,,
,,,,,,,,,,,Minulla on ollut lämpöä 39.4-39.9 astetta.,,"Oletko ottanut kuumelääkettä (esim. burana, panadol yms?)",valinta,Kyllä,,Laskeeko sinulla kuume lääkityksellä?,valinta,Kyllä,"Kuume noussut tänään noin 39,5 asteeseen, laskee kuumelääkityksellä.",,,,,,,,,,,,,,,,,,,,,,,,
,,,,,,,,,,,,,,,,,,,Ei,"Kuume noussut tänään noin 39,5 asteeseen, ei laske kuumelääkityksellä.",,,,,,,,,,,,,,,,,,,,,,,,
,,,,,,,,,,,,,,,Ei,"1-3 vrk ajan ollut kuumetta, korkeimmillaan noin 39.5 astetta, ei ole ottanut kuumelääkettä.",,,,,,,,,,,,,,,,,,,,,,,,,,,,
,,,,,,,,,,,Minulla on ollut lämpöä 40 astetta tai yli.,,"Oletko ottanut kuumelääkettä (esim. burana, panadol yms?)",valinta,Kyllä,,Laskeeko sinulla kuume lääkityksellä?,valinta,Kyllä,"Kuume noussut tänään yli 40 asteeseen, laskee kuumelääkityksellä.",,,,,,,,,,,,,,,,,,,,,,,,
,,,,,,,,,,,,,,,,,,,Ei,"Kuume noussut tänään yli 40 asteeseen, ei laske kuumelääkityksellä.",,,,,,,,,,,,,,,,,,,,,,,,
,,,,,,,,,,,,,,,Ei,"1-3 vrk ajan ollut kuumetta, korkeimmillaan yli 40 astetta, ei ole ottanut kuumelääkettä.",,,,,,,,,,,,,,,,,,,,,,,,,,,,
,,,,,,,Minulla on ollut kuumetta 4-6 vuorokauden ajan.,,Onko sinulla ollut kuumetta päivittäin vai ajoittain?,valinta,Minulla on ollut kuumetta päivittäin.,,Kuinka paljon kuumetta on ollut korkeimmillaan?,valinta,Minulla on ollut lämpöä 37.6-38.1 astetta.,"4-6 vrk:tta ollut päivittäin kuumetta, korkeimmillaan noin 38 astetta.",,,,,,,,,,,,,,,,,,,,,,,,,,,,
,,,,,,,,,,,,,,,Minulla on ollut lämpöä 38.2-38.7 astetta.,,"Oletko ottanut kuumelääkettä (esim. burana, panadol yms?)",valinta,Kyllä,,Laskeeko sinulla kuume lääkityksellä?,valinta,Kyllä,"4-6 vrk:tta ollut päivittäin kuumetta, korkeimmillaan n. 38.5 astetta, laskee kuumelääkityksellä.",,,,,,,,,,,,,,,,,,,,
,,,,,,,,,,,,,,,,,,,,,,,Ei,"4-6 vrk:tta ollut päivittäin kuumetta, korkeimmillaan n. 38.5 astetta, ei laske kuumelääkityksellä.",,,,,,,,,,,,,,,,,,,,
,,,,,,,,,,,,,,,,,,,Ei,"4-6 vrk:tta ollut päivittäin kuumetta, korkeimmillaan n. 38.5 astetta, ei ole ottanut kuumelääkettä.",,,,,,,,,,,,,,,,,,,,,,,,
,,,,,,,,,,,,,,,Minulla on ollut lämpöä 38.8-39.3 astetta.,,"Oletko ottanut kuumelääkettä (esim. burana, panadol yms?)",valinta,Kyllä,,Laskeeko sinulla kuume lääkityksellä?,valinta,Kyllä,"4-6 vrk:tta ollut päivittäin kuumetta, korkeimmillaan n. 39 astetta, laskee kuumelääkityksellä.",,,,,,,,,,,,,,,,,,,,
,,,,,,,,,,,,,,,,,,,,,,,Ei,"4-6 vrk:tta ollut päivittäin kuumetta, korkeimmillaan n. 39 astetta, ei laske kuumelääkityksellä.",,,,,,,,,,,,,,,,,,,,
,,,,,,,,,,,,,,,,,,,Ei,"4-6 vrk:tta ollut päivittäin kuumetta, korkeimmillaan n. 39 astetta, ei ole ottanut kuumelääkettä.",,,,,,,,,,,,,,,,,,,,,,,,
,,,,,,,,,,,,,,,Minulla on ollut lämpöä 39.4-39.9 astetta.,,"Oletko ottanut kuumelääkettä (esim. burana, panadol yms?)",valinta,Kyllä,,Laskeeko sinulla kuume lääkityksellä?,valinta,Kyllä,"4-6 vrk:tta ollut päivittäin kuumetta, korkeimmillaan melkein 40 astetta, laskee kuumelääkityksellä.",,,,,,,,,,,,,,,,,,,,
,,,,,,,,,,,,,,,,,,,,,,,Ei,"4-6 vrk:tta ollut päivittäin kuumetta, korkeimmillaan melkein 40 astetta, ei laske kuumelääkityksellä.",,,,,,,,,,,,,,,,,,,,
,,,,,,,,,,,,,,,,,,,Ei,"4-6 vrk:tta ollut päivittäin kuumetta, korkeimmillaan melkein 40 astetta, ei ole ottanut kuumelääkettä.",,,,,,,,,,,,,,,,,,,,,,,,
,,,,,,,,,,,,,,,Minulla on ollut lämpöä 40 astetta tai yli.,,"Oletko ottanut kuumelääkettä (esim. burana, panadol yms?)",valinta,Kyllä,,Laskeeko sinulla kuume lääkityksellä?,valinta,Kyllä,"4-6 vrk:tta ollut päivittäin kuumetta, korkeimmillaan yli 40 astetta, laskee kuumelääkityksellä.",,,,,,,,,,,,,,,,,,,,
,,,,,,,,,,,,,,,,,,,,,,,Ei,"4-6 vrk:tta ollut päivittäin kuumetta, korkeimmillaan yli 40 astetta, ei laske kuumelääkityksellä.",,,,,,,,,,,,,,,,,,,,
,,,,,,,,,,,,,,,,,,,Ei,"4-6 vrk:tta ollut päivittäin kuumetta, korkeimmillaan yli 40 astetta, ei ole ottanut kuumelääkettä.",,,,,,,,,,,,,,,,,,,,,,,,
,,,,,,,,,,,Minulla on ollut kuumetta ajoittain (kaikkina päivinä ei ole kuumetta).,,Kuinka paljon kuumetta on ollut korkeimmillaan?,valinta,Minulla on ollut lämpöä 37.6-38.1 astetta.,"4-6 vrk ajan ollut ajoittain kuumetta, korkeimmillaan noin 38 astetta.",,,,,,,,,,,,,,,,,,,,,,,,,,,,
,,,,,,,,,,,,,,,Minulla on ollut lämpöä 38.2-38.7 astetta.,,"Oletko ottanut kuumelääkettä (esim. burana, panadol yms?)",valinta,Kyllä,,Laskeeko sinulla kuume lääkityksellä?,valinta,Kyllä,"4-6 vrk ajan ollut ajoittain kuumetta, korkeimmillaan n.38.5 astetta, laskee kuumelääkityksellä.",,,,,,,,,,,,,,,,,,,,
,,,,,,,,,,,,,,,,,,,,,,,Ei,"4-6 vrk ajan ollut ajoittain kuumetta, korkeimmillaan n.38.5 astetta, ei laske kuumelääkityksellä.",,,,,,,,,,,,,,,,,,,,
,,,,,,,,,,,,,,,,,,,Ei,"4-6 vrk ajan ollut ajoittain kuumetta, korkeimmillaan n. 38.5 astetta, ei ole ottanut kuumelääkettä.",,,,,,,,,,,,,,,,,,,,,,,,
,,,,,,,,,,,,,,,Minulla on ollut lämpöä 38.8-39.3 astetta.,,"Oletko ottanut kuumelääkettä (esim. burana, panadol yms?)",valinta,Kyllä,,Laskeeko sinulla kuume lääkityksellä?,valinta,Kyllä,"4-6 vrk ajan ollut ajoittain kuumetta, korkeimmillaan noin 39 astetta. Laskee kuumelääkityksellä.",,,,,,,,,,,,,,,,,,,,
,,,,,,,,,,,,,,,,,,,,,,,Ei,"4-6 vrk ajan ollut ajoittain kuumetta, korkeimmillaan noin 39 astetta. Ei laske kuumelääkityksellä.",,,,,,,,,,,,,,,,,,,,
,,,,,,,,,,,,,,,,,,,Ei,"4-6 vrk ajan ollut ajoittain kuumetta, korkeimmillaan noin 39 astetta. Ei ole ottanut kuumelääkettä.",,,,,,,,,,,,,,,,,,,,,,,,
,,,,,,,,,,,,,,,Minulla on ollut lämpöä 39.4-39.9 astetta.,,"Oletko ottanut kuumelääkettä (esim. burana, panadol yms?)",valinta,Kyllä,,Laskeeko sinulla kuume lääkityksellä?,valinta,Kyllä,"4-6 vrk ajan ollut ajoittain kuumetta, korkeimmillaan melkein 40 astetta. Laskee kuumelääkityksellä.",,,,,,,,,,,,,,,,,,,,
,,,,,,,,,,,,,,,,,,,,,,,Ei,"4-6 vrk ajan ollut ajoittain kuumetta, korkeimmillaan melkein 40 astetta. Ei laske kuumelääkityksellä.",,,,,,,,,,,,,,,,,,,,
,,,,,,,,,,,,,,,,,,,Ei,"4-6 vrk ajan ollut ajoittain kuumetta, korkeimmillaan melkein 40 astetta. Ei ole ottanut kuumelääkettä.",,,,,,,,,,,,,,,,,,,,,,,,
,,,,,,,,,,,,,,,Minulla on ollut lämpöä 40 astetta tai yli.,,"Oletko ottanut kuumelääkettä (esim. burana, panadol yms?)",valinta,Kyllä,,Laskeeko sinulla kuume lääkityksellä?,valinta,Kyllä,"4-6 vrk ajan ollut ajoittain kuumetta, korkeimmillaan yli 40 astetta. Laskee kuumelääkityksellä.",,,,,,,,,,,,,,,,,,,,
,,,,,,,,,,,,,,,,,,,,,,,Ei,"4-6 vrk ajan ollut ajoittain kuumetta, korkeimmillaan yli 40 astetta. Ei laske kuumelääkityksellä.",,,,,,,,,,,,,,,,,,,,
,,,,,,,,,,,,,,,,,,,Ei,"4-6 vrk ajan ollut ajoittain kuumetta, korkeimmillaan yli 40 astetta. Ei ole ottanut kuumelääkettä.",,,,,,,,,,,,,,,,,,,,,,,,
,,,,,,,Minulla on ollut kuumetta 1-2 viikon ajan.,,Onko sinulla ollut kuumetta päivittäin vai ajoittain?,valinta,Minulla on ollut kuumetta päivittäin.,,Kuinka paljon kuumetta on ollut korkeimmillaan?,valinta,Minulla on ollut lämpöä 37.6-38.1 astetta.,"1-2 viikon ajan ollut päivittäin kuumetta, korkeimmillaan noin 38 astetta.",,,,,,,,,,,,,,,,,,,,,,,,,,,,
,,,,,,,,,,,,,,,Minulla on ollut lämpöä 38.2-38.7 astetta.,,"Oletko ottanut kuumelääkettä (esim. burana, panadol yms?)",valinta,Kyllä,,Laskeeko sinulla kuume lääkityksellä?,valinta,Kyllä,"1-2 viikon ajan ollut päivittäin kuumetta, korkeimmillaan n. 38.5 astetta, laskee kuumelääkityksellä.",,,,,,,,,,,,,,,,,,,,
,,,,,,,,,,,,,,,,,,,,,,,Ei,"1-2 viikon ajan ollut päivittäin kuumetta, korkeimmillaan n. 38.5 astetta, ei laske kuumelääkityksellä.",,,,,,,,,,,,,,,,,,,,
,,,,,,,,,,,,,,,,,,,Ei,"1-2 viikon ajan ollut päivittäin kuumetta, korkeimmillaan n. 38.5 astetta, ei ole ottanut kuumelääkettä.",,,,,,,,,,,,,,,,,,,,,,,,
,,,,,,,,,,,,,,,Minulla on ollut lämpöä 38.8-39.3 astetta.,,"Oletko ottanut kuumelääkettä (esim. burana, panadol yms?)",valinta,Kyllä,,Laskeeko sinulla kuume lääkityksellä?,valinta,Kyllä,"1-2 viikon ajan ollut päivittäin kuumetta, korkeimmillaan n. 39 astetta, laskee kuumelääkityksellä.",,,,,,,,,,,,,,,,,,,,
,,,,,,,,,,,,,,,,,,,,,,,Ei,"1-2 viikon ajan ollut päivittäin kuumetta, korkeimmillaan n. 39 astetta, ei laske kuumelääkityksellä.",,,,,,,,,,,,,,,,,,,,
,,,,,,,,,,,,,,,,,,,Ei,"1-2 viikon ajan ollut päivittäin kuumetta, korkeimmillaan n. 39 astetta, ei ole ottanut kuumelääkettä.",,,,,,,,,,,,,,,,,,,,,,,,
,,,,,,,,,,,,,,,Minulla on ollut lämpöä 39.4-39.9 astetta.,,"Oletko ottanut kuumelääkettä (esim. burana, panadol yms?)",valinta,Kyllä,,Laskeeko sinulla kuume lääkityksellä?,valinta,Kyllä,"1-2 viikon ajan ollut päivittäin kuumetta, korkeimmillaan melkein 40 astetta, laskee kuumelääkityksellä.",,,,,,,,,,,,,,,,,,,,
,,,,,,,,,,,,,,,,,,,,,,,Ei,"1-2 viikon ajan ollut päivittäin kuumetta, korkeimmillaan melkein 40 astetta, ei laske kuumelääkityksellä.",,,,,,,,,,,,,,,,,,,,
,,,,,,,,,,,,,,,,,,,Ei,"1-2 viikon ajan ollut päivittäin kuumetta, korkeimmillaan melkein 40 astetta, ei ole ottanut kuumelääkettä.",,,,,,,,,,,,,,,,,,,,,,,,
,,,,,,,,,,,,,,,Minulla on ollut lämpöä 40 astetta tai yli.,,"Oletko ottanut kuumelääkettä (esim. burana, panadol yms?)",valinta,Kyllä,,Laskeeko sinulla kuume lääkityksellä?,valinta,Kyllä,"1-2 viikon ajan ollut päivittäin kuumetta, korkeimmillaan yli 40 astetta, laskee kuumelääkityksellä.",,,,,,,,,,,,,,,,,,,,
,,,,,,,,,,,,,,,,,,,,,,,Ei,"1-2 viikon ajan ollut päivittäin kuumetta, korkeimmillaan yli 40 astetta, ei laske kuumelääkityksellä.",,,,,,,,,,,,,,,,,,,,
,,,,,,,,,,,,,,,,,,,Ei,"1-2 viikon ajan ollut päivittäin kuumetta, korkeimmillaan yli 40 astetta, ei ole ottanut kuumelääkettä.",,,,,,,,,,,,,,,,,,,,,,,,
,,,,,,,,,,,Minulla on ollut kuumetta ajoittain (kaikkina päivinä ei ole kuumetta).,,Kuinka paljon kuumetta on ollut korkeimmillaan?,valinta,Minulla on ollut lämpöä 37.6-38.1 astetta.,"1-2 viikon ajan ollut ajoittain kuumetta, korkeimmillaan noin 38 astetta.",,,,,,,,,,,,,,,,,,,,,,,,,,,,
,,,,,,,,,,,,,,,Minulla on ollut lämpöä 38.2-38.7 astetta.,,"Oletko ottanut kuumelääkettä (esim. burana, panadol yms?)",valinta,Kyllä,,Laskeeko sinulla kuume lääkityksellä?,valinta,Kyllä,"1-2 viikon ajan ollut ajoittain kuumetta, korkeimmillaan n.38.5 astetta, laskee kuumelääkityksellä.",,,,,,,,,,,,,,,,,,,,
,,,,,,,,,,,,,,,,,,,,,,,Ei,"1-2 viikon ajan ollut ajoittain kuumetta, korkeimmillaan n.38.5 astetta, ei laske kuumelääkityksellä.",,,,,,,,,,,,,,,,,,,,
,,,,,,,,,,,,,,,,,,,Ei,"1-2 viikon ajan ollut ajoittain kuumetta, korkeimmillaan n. 38.5 astetta, ei ole ottanut kuumelääkettä.",,,,,,,,,,,,,,,,,,,,,,,,
,,,,,,,,,,,,,,,Minulla on ollut lämpöä 38.8-39.3 astetta.,,"Oletko ottanut kuumelääkettä (esim. burana, panadol yms?)",valinta,Kyllä,,Laskeeko sinulla kuume lääkityksellä?,valinta,Kyllä,"1-2 viikon ajan ollut ajoittain kuumetta, korkeimmillaan noin 39 astetta. Laskee kuumelääkityksellä.",,,,,,,,,,,,,,,,,,,,
,,,,,,,,,,,,,,,,,,,,,,,Ei,"1-2 viikon ajan ollut ajoittain kuumetta, korkeimmillaan noin 39 astetta. Ei laske kuumelääkityksellä.",,,,,,,,,,,,,,,,,,,,
,,,,,,,,,,,,,,,,,,,Ei,"1-2 viikon ajan ollut ajoittain kuumetta, korkeimmillaan noin 39 astetta. Ei ole ottanut kuumelääkettä.",,,,,,,,,,,,,,,,,,,,,,,,
,,,,,,,,,,,,,,,Minulla on ollut lämpöä 39.4-39.9 astetta.,,"Oletko ottanut kuumelääkettä (esim. burana, panadol yms?)",valinta,Kyllä,,Laskeeko sinulla kuume lääkityksellä?,valinta,Kyllä,"1-2 viikon ajan ollut ajoittain kuumetta, korkeimmillaan melkein 40 astetta. Laskee kuumelääkityksellä.",,,,,,,,,,,,,,,,,,,,
,,,,,,,,,,,,,,,,,,,,,,,Ei,"1-2 viikon ajan ollut ajoittain kuumetta, korkeimmillaan melkein 40 astetta. Ei laske kuumelääkityksellä.",,,,,,,,,,,,,,,,,,,,
,,,,,,,,,,,,,,,,,,,Ei,"1-2 viikon ajan ollut ajoittain kuumetta, korkeimmillaan melkein 40 astetta. Ei ole ottanut kuumelääkettä.",,,,,,,,,,,,,,,,,,,,,,,,
,,,,,,,,,,,,,,,Minulla on ollut lämpöä 40 astetta tai yli.,,"Oletko ottanut kuumelääkettä (esim. burana, panadol yms?)",valinta,Kyllä,,Laskeeko sinulla kuume lääkityksellä?,valinta,Kyllä,"1-2 viikon ajan ollut ajoittain kuumetta, korkeimmillaan yli 40 astetta. Laskee kuumelääkityksellä.",,,,,,,,,,,,,,,,,,,,
,,,,,,,,,,,,,,,,,,,,,,,Ei,"1-2 viikon ajan ollut ajoittain kuumetta, korkeimmillaan yli 40 astetta. Ei laske kuumelääkityksellä.",,,,,,,,,,,,,,,,,,,,
,,,,,,,,,,,,,,,,,,,Ei,"1-2 viikon ajan ollut ajoittain kuumetta, korkeimmillaan yli 40 astetta. Ei ole ottanut kuumelääkettä.",,,,,,,,,,,,,,,,,,,,,,,,
,,,,,,,Minulla on ollut kuumetta 2 viikon - 1 kuukauden ajan.,,Onko sinulla ollut kuumetta päivittäin vai ajoittain?,valinta,Minulla on ollut kuumetta päivittäin.,,Kuinka paljon kuumetta on ollut korkeimmillaan?,valinta,Minulla on ollut lämpöä 37.6-38.1 astetta.,"2 viikon - 1 kk ajan ollut päivittäin kuumetta, korkeimmillaan noin 38 astetta.",,,,,,,,,,,,,,,,,,,,,,,,,,,,
,,,,,,,,,,,,,,,Minulla on ollut lämpöä 38.2-38.7 astetta.,,"Oletko ottanut kuumelääkettä (esim. burana, panadol yms?)",valinta,Kyllä,,Laskeeko sinulla kuume lääkityksellä?,valinta,Kyllä,"2 viikon - 1 kk ajan ollut päivittäin kuumetta, korkeimmillaan n. 38.5 astetta, laskee kuumelääkityksellä.",,,,,,,,,,,,,,,,,,,,
,,,,,,,,,,,,,,,,,,,,,,,Ei,"2 viikon - 1 kk ajan ollut päivittäin kuumetta, korkeimmillaan n. 38.5 astetta, ei laske kuumelääkityksellä.",,,,,,,,,,,,,,,,,,,,
,,,,,,,,,,,,,,,,,,,Ei,"2 viikon - 1 kk ajan ollut päivittäin kuumetta, korkeimmillaan n. 38.5 astetta, ei ole ottanut kuumelääkettä.",,,,,,,,,,,,,,,,,,,,,,,,
,,,,,,,,,,,,,,,Minulla on ollut lämpöä 38.8-39.3 astetta.,,"Oletko ottanut kuumelääkettä (esim. burana, panadol yms?)",valinta,Kyllä,,Laskeeko sinulla kuume lääkityksellä?,valinta,Kyllä,"2 viikon - 1 kk ajan ollut päivittäin kuumetta, korkeimmillaan n. 39 astetta, laskee kuumelääkityksellä.",,,,,,,,,,,,,,,,,,,,
,,,,,,,,,,,,,,,,,,,,,,,Ei,"2 viikon - 1 kk ajan ollut päivittäin kuumetta, korkeimmillaan n. 39 astetta, ei laske kuumelääkityksellä.",,,,,,,,,,,,,,,,,,,,
,,,,,,,,,,,,,,,,,,,Ei,"2 viikon - 1 kk ajan ollut päivittäin kuumetta, korkeimmillaan n. 39 astetta, ei ole ottanut kuumelääkettä.",,,,,,,,,,,,,,,,,,,,,,,,
,,,,,,,,,,,,,,,Minulla on ollut lämpöä 39.4-39.9 astetta.,,"Oletko ottanut kuumelääkettä (esim. burana, panadol yms?)",valinta,Kyllä,,Laskeeko sinulla kuume lääkityksellä?,valinta,Kyllä,"2 viikon - 1 kk ajan ollut päivittäin kuumetta, korkeimmillaan melkein 40 astetta, laskee kuumelääkityksellä.",,,,,,,,,,,,,,,,,,,,
,,,,,,,,,,,,,,,,,,,,,,,Ei,"2 viikon - 1 kk ajan ollut päivittäin kuumetta, korkeimmillaan melkein 40 astetta, ei laske kuumelääkityksellä.",,,,,,,,,,,,,,,,,,,,
,,,,,,,,,,,,,,,,,,,Ei,"2 viikon - 1 kk ajan ollut päivittäin kuumetta, korkeimmillaan melkein 40 astetta, ei ole ottanut kuumelääkettä.",,,,,,,,,,,,,,,,,,,,,,,,
,,,,,,,,,,,,,,,Minulla on ollut lämpöä 40 astetta tai yli.,,"Oletko ottanut kuumelääkettä (esim. burana, panadol yms?)",valinta,Kyllä,,Laskeeko sinulla kuume lääkityksellä?,valinta,Kyllä,"2 viikon - 1 kk ajan ollut päivittäin kuumetta, korkeimmillaan yli 40 astetta, laskee kuumelääkityksellä.",,,,,,,,,,,,,,,,,,,,
,,,,,,,,,,,,,,,,,,,,,,,Ei,"2 viikon - 1 kk ajan ollut päivittäin kuumetta, korkeimmillaan yli 40 astetta, ei laske kuumelääkityksellä.",,,,,,,,,,,,,,,,,,,,
,,,,,,,,,,,,,,,,,,,Ei,"2 viikon - 1 kk ajan ollut päivittäin kuumetta, korkeimmillaan yli 40 astetta, ei ole ottanut kuumelääkettä.",,,,,,,,,,,,,,,,,,,,,,,,
,,,,,,,,,,,Minulla on ollut kuumetta ajoittain (kaikkina päivinä ei ole kuumetta).,,Kuinka paljon kuumetta on ollut korkeimmillaan?,valinta,Minulla on ollut lämpöä 37.6-38.1 astetta.,"2 viikon - 1 kk ajan ollut ajoittain kuumetta, korkeimmillaan noin 38 astetta.",,,,,,,,,,,,,,,,,,,,,,,,,,,,
,,,,,,,,,,,,,,,Minulla on ollut lämpöä 38.2-38.7 astetta.,,"Oletko ottanut kuumelääkettä (esim. burana, panadol yms?)",valinta,Kyllä,,Laskeeko sinulla kuume lääkityksellä?,valinta,Kyllä,"2 viikon - 1 kk ajan ollut ajoittain kuumetta, korkeimmillaan n.38.5 astetta, laskee kuumelääkityksellä.",,,,,,,,,,,,,,,,,,,,
,,,,,,,,,,,,,,,,,,,,,,,Ei,"2 viikon - 1 kk ajan ollut ajoittain kuumetta, korkeimmillaan n.38.5 astetta, ei laske kuumelääkityksellä.",,,,,,,,,,,,,,,,,,,,
,,,,,,,,,,,,,,,,,,,Ei,"2 viikon - 1 kk ajan ollut ajoittain kuumetta, korkeimmillaan n. 38.5 astetta, ei ole ottanut kuumelääkettä.",,,,,,,,,,,,,,,,,,,,,,,,
,,,,,,,,,,,,,,,Minulla on ollut lämpöä 38.8-39.3 astetta.,,"Oletko ottanut kuumelääkettä (esim. burana, panadol yms?)",valinta,Kyllä,,Laskeeko sinulla kuume lääkityksellä?,valinta,Kyllä,"2 viikon - 1 kk ajan ollut ajoittain kuumetta, korkeimmillaan noin 39 astetta. Laskee kuumelääkityksellä.",,,,,,,,,,,,,,,,,,,,
,,,,,,,,,,,,,,,,,,,,,,,Ei,"2 viikon - 1 kk ajan ollut ajoittain kuumetta, korkeimmillaan noin 39 astetta. Ei laske kuumelääkityksellä.",,,,,,,,,,,,,,,,,,,,
,,,,,,,,,,,,,,,,,,,Ei,"2 viikon - 1 kk ajan ollut ajoittain kuumetta, korkeimmillaan noin 39 astetta. Ei ole ottanut kuumelääkettä.",,,,,,,,,,,,,,,,,,,,,,,,
,,,,,,,,,,,,,,,Minulla on ollut lämpöä 39.4-39.9 astetta.,,"Oletko ottanut kuumelääkettä (esim. burana, panadol yms?)",valinta,Kyllä,,Laskeeko sinulla kuume lääkityksellä?,valinta,Kyllä,"2 viikon - 1 kk ajan ollut ajoittain kuumetta, korkeimmillaan melkein 40 astetta. Laskee kuumelääkityksellä.",,,,,,,,,,,,,,,,,,,,
,,,,,,,,,,,,,,,,,,,,,,,Ei,"2 viikon - 1 kk ajan ollut ajoittain kuumetta, korkeimmillaan melkein 40 astetta. Ei laske kuumelääkityksellä.",,,,,,,,,,,,,,,,,,,,
,,,,,,,,,,,,,,,,,,,Ei,"2 viikon - 1 kk ajan ollut ajoittain kuumetta, korkeimmillaan melkein 40 astetta. Ei ole ottanut kuumelääkettä.",,,,,,,,,,,,,,,,,,,,,,,,
,,,,,,,,,,,,,,,Minulla on ollut lämpöä 40 astetta tai yli.,,"Oletko ottanut kuumelääkettä (esim. burana, panadol yms?)",valinta,Kyllä,,Laskeeko sinulla kuume lääkityksellä?,valinta,Kyllä,"2 viikon - 1 kk ajan ollut ajoittain kuumetta, korkeimmillaan yli 40 astetta. Laskee kuumelääkityksellä.",,,,,,,,,,,,,,,,,,,,
,,,,,,,,,,,,,,,,,,,,,,,Ei,"2 viikon - 1 kk ajan ollut ajoittain kuumetta, korkeimmillaan yli 40 astetta. Ei laske kuumelääkityksellä.",,,,,,,,,,,,,,,,,,,,
,,,,,,,,,,,,,,,,,,,Ei,"2 viikon - 1 kk ajan ollut ajoittain kuumetta, korkeimmillaan yli 40 astetta. Ei ole ottanut kuumelääkettä.",,,,,,,,,,,,,,,,,,,,,,,,
,,,,,,,Minulla on ollut kuumetta yli kk ajan.,,Onko sinulla ollut kuumetta päivittäin vai ajoittain?,valinta,Minulla on ollut kuumetta päivittäin.,,Kuinka paljon kuumetta on ollut korkeimmillaan?,valinta,Minulla on ollut lämpöä 37.6-38.1 astetta.,"Yli 1 kk ajan ollut päivittäin kuumetta, korkeimmillaan noin 38 astetta.",,,,,,,,,,,,,,,,,,,,,,,,,,,,
,,,,,,,,,,,,,,,Minulla on ollut lämpöä 38.2-38.7 astetta.,,"Oletko ottanut kuumelääkettä (esim. burana, panadol yms?)",valinta,Kyllä,,Laskeeko sinulla kuume lääkityksellä?,valinta,Kyllä,"Yli 1 kk ajan ollut päivittäin kuumetta, korkeimmillaan n. 38.5 astetta, laskee kuumelääkityksellä.",,,,,,,,,,,,,,,,,,,,
,,,,,,,,,,,,,,,,,,,,,,,Ei,"Yli kk ajan ollut päivittäin kuumetta, korkeimmillaan n. 38.5 astetta, ei laske kuumelääkityksellä.",,,,,,,,,,,,,,,,,,,,
,,,,,,,,,,,,,,,,,,,Ei,"Yli 1 kk ajan ollut päivittäin kuumetta, korkeimmillaan n. 38.5 astetta, ei ole ottanut kuumelääkettä.",,,,,,,,,,,,,,,,,,,,,,,,
,,,,,,,,,,,,,,,Minulla on ollut lämpöä 38.8-39.3 astetta.,,"Oletko ottanut kuumelääkettä (esim. burana, panadol yms?)",valinta,Kyllä,,Laskeeko sinulla kuume lääkityksellä?,valinta,Kyllä,"Yli 1 kk ajan ollut päivittäin kuumetta, korkeimmillaan n. 39 astetta, laskee kuumelääkityksellä.",,,,,,,,,,,,,,,,,,,,
,,,,,,,,,,,,,,,,,,,,,,,Ei,"Yli 1 kk ajan ollut päivittäin kuumetta, korkeimmillaan n. 39 astetta, ei laske kuumelääkityksellä.",,,,,,,,,,,,,,,,,,,,
,,,,,,,,,,,,,,,,,,,Ei,"Yli 1 kk ajan ollut päivittäin kuumetta, korkeimmillaan n. 39 astetta, ei ole ottanut kuumelääkettä.",,,,,,,,,,,,,,,,,,,,,,,,
,,,,,,,,,,,,,,,Minulla on ollut lämpöä 39.4-39.9 astetta.,,"Oletko ottanut kuumelääkettä (esim. burana, panadol yms?)",valinta,Kyllä,,Laskeeko sinulla kuume lääkityksellä?,valinta,Kyllä,"Yli 1 kk ajan ollut päivittäin kuumetta, korkeimmillaan melkein 40 astetta, laskee kuumelääkityksellä.",,,,,,,,,,,,,,,,,,,,
,,,,,,,,,,,,,,,,,,,,,,,Ei,"Yli 1 kk ajan ollut päivittäin kuumetta, korkeimmillaan melkein 40 astetta, ei laske kuumelääkityksellä.",,,,,,,,,,,,,,,,,,,,
,,,,,,,,,,,,,,,,,,,Ei,"Yli 1 kk ajan ollut päivittäin kuumetta, korkeimmillaan melkein 40 astetta, ei ole ottanut kuumelääkettä.",,,,,,,,,,,,,,,,,,,,,,,,
,,,,,,,,,,,,,,,Minulla on ollut lämpöä 40 astetta tai yli.,,"Oletko ottanut kuumelääkettä (esim. burana, panadol yms?)",valinta,Kyllä,,Laskeeko sinulla kuume lääkityksellä?,valinta,Kyllä,"Yli 1 kk ajan ollut päivittäin kuumetta, korkeimmillaan yli 40 astetta, laskee kuumelääkityksellä.",,,,,,,,,,,,,,,,,,,,
,,,,,,,,,,,,,,,,,,,,,,,Ei,"Yli1 kk ajan ollut päivittäin kuumetta, korkeimmillaan yli 40 astetta, ei laske kuumelääkityksellä.",,,,,,,,,,,,,,,,,,,,
,,,,,,,,,,,,,,,,,,,Ei,"Yli 1 kk ajan ollut päivittäin kuumetta, korkeimmillaan yli 40 astetta, ei ole ottanut kuumelääkettä.",,,,,,,,,,,,,,,,,,,,,,,,
,,,,,,,,,,,Minulla on ollut kuumetta ajoittain (kaikkina päivinä ei ole kuumetta).,,Kuinka paljon kuumetta on ollut korkeimmillaan?,valinta,Minulla on ollut lämpöä 37.6-38.1 astetta.,"Yli 1 kk ajan ollut ajoittain kuumetta, korkeimmillaan noin 38 astetta.",,,,,,,,,,,,,,,,,,,,,,,,,,,,
,,,,,,,,,,,,,,,Minulla on ollut lämpöä 38.2-38.7 astetta.,,"Oletko ottanut kuumelääkettä (esim. burana, panadol yms?)",valinta,Kyllä,,Laskeeko sinulla kuume lääkityksellä?,valinta,Kyllä,"Yli 1 kk ajan ollut ajoittain kuumetta, korkeimmillaan n.38.5 astetta, laskee kuumelääkityksellä.",,,,,,,,,,,,,,,,,,,,
,,,,,,,,,,,,,,,,,,,,,,,Ei,"Yli1 kk ajan ollut ajoittain kuumetta, korkeimmillaan n.38.5 astetta, ei laske kuumelääkityksellä.",,,,,,,,,,,,,,,,,,,,
,,,,,,,,,,,,,,,,,,,Ei,"Yli 1 kk ajan ollut ajoittain kuumetta, korkeimmillaan n. 38.5 astetta, ei ole ottanut kuumelääkettä.",,,,,,,,,,,,,,,,,,,,,,,,
,,,,,,,,,,,,,,,Minulla on ollut lämpöä 38.8-39.3 astetta.,,"Oletko ottanut kuumelääkettä (esim. burana, panadol yms?)",valinta,Kyllä,,Laskeeko sinulla kuume lääkityksellä?,valinta,Kyllä,"Yli 1 kk ajan ollut ajoittain kuumetta, korkeimmillaan noin 39 astetta. Laskee kuumelääkityksellä.",,,,,,,,,,,,,,,,,,,,
,,,,,,,,,,,,,,,,,,,,,,,Ei,"Yli 1 kk ajan ollut ajoittain kuumetta, korkeimmillaan noin 39 astetta. Ei laske kuumelääkityksellä.",,,,,,,,,,,,,,,,,,,,
,,,,,,,,,,,,,,,,,,,Ei,"Yli 1 kk ajan ollut ajoittain kuumetta, korkeimmillaan noin 39 astetta. Ei ole ottanut kuumelääkettä.",,,,,,,,,,,,,,,,,,,,,,,,
,,,,,,,,,,,,,,,Minulla on ollut lämpöä 39.4-39.9 astetta.,,"Oletko ottanut kuumelääkettä (esim. burana, panadol yms?)",valinta,Kyllä,,Laskeeko sinulla kuume lääkityksellä?,valinta,Kyllä,"Yli 1 kk ajan ollut ajoittain kuumetta, korkeimmillaan melkein 40 astetta. Laskee kuumelääkityksellä.",,,,,,,,,,,,,,,,,,,,
,,,,,,,,,,,,,,,,,,,,,,,Ei,"Yli 1 kk ajan ollut ajoittain kuumetta, korkeimmillaan melkein 40 astetta. Ei laske kuumelääkityksellä.",,,,,,,,,,,,,,,,,,,,
,,,,,,,,,,,,,,,,,,,Ei,"Yli 1 kk ajan ollut ajoittain kuumetta, korkeimmillaan melkein 40 astetta. Ei ole ottanut kuumelääkettä.",,,,,,,,,,,,,,,,,,,,,,,,
,,,,,,,,,,,,,,,Minulla on ollut lämpöä 40 astetta tai yli.,,"Oletko ottanut kuumelääkettä (esim. burana, panadol yms?)",valinta,Kyllä,,Laskeeko sinulla kuume lääkityksellä?,valinta,Kyllä,"Yli 1 kk ajan ollut ajoittain kuumetta, korkeimmillaan yli 40 astetta. Laskee kuumelääkityksellä.",,,,,,,,,,,,,,,,,,,,
,,,,,,,,,,,,,,,,,,,,,,,Ei,"Yli 1 kk ajan ollut ajoittain kuumetta, korkeimmillaan yli 40 astetta. Ei laske kuumelääkityksellä.",,,,,,,,,,,,,,,,,,,,
,,,,,,,,,,,,,,,,,,,Ei,"Yli 1 kk ajan ollut ajoittain kuumetta, korkeimmillaan yli 40 astetta. Ei ole ottanut kuumelääkettä.",,,,,,,,,,,,,,,,,,,,,,,,
,,,Ei,Lämpö ollut alle 37.5.,,,,,,,,,,,,,,,,,,,,,,,,,,,,,,,,,,,,,,,,
,,,"Minulla on kuumeinen olo, mutta en ole mitannut.","Kuumeinen olo, ei ole mitannut.",,,,,,,,,,,,,,,,,,,,,,,,,,,,,,,,,,,,,,,,
,,,"En osaa sanoa onko minulla kuumetta, en ole mitannut.","Ei osaa sanoa onko kuumetta, ei ole mitannut.",,,,,,,,,,,,,,,,,,,,,,,,,,,,,,,,,,,,,,,,
,Onko sinulla rintakipua?,valinta,Kyllä,,Onko sinulla hengenahdistusta?,valinta,Kyllä,Potilaalla rintakipua ja hengenahdistusta.,,,,,,,,,,,,,,,,,,,,,,,,,,,,,,,,,,,,
,,,,,,,Ei,"Potilaalla rintakipua, ei hengenahdistusta.",,,,,,,,,,,,,,,,,,,,,,,,,,,,,,,,,,,,
,,,,,,,En osaa sanoa,"Potilaalla rintakipua, ei osaa sanoa onko hengenahdistusta.",,,,,,,,,,,,,,,,,,,,,,,,,,,,,,,,,,,,
,,,Ei,,Onko sinulla hengenahdistusta?,valinta,Kyllä,"Potilaalla hengenahdistusta, ei rintakipua.",,,,,,,,,,,,,,,,,,,,,,,,,,,,,,,,,,,,
,,,,,,,Ei,"Ei rintakipua, ei hengenahdistusta.",,,,,,,,,,,,,,,,,,,,,,,,,,,,,,,,,,,,
,,,,,,,En osaa sanoa,"Potilaalla ei ole rintakipua, mutta ei osaa sanoa onko hengenahdistusta.",,,,,,,,,,,,,,,,,,,,,,,,,,,,,,,,,,,,
,,,En osaa sanoa,,Onko sinulla hengenahdistusta?,valinta,Kyllä,"Potilaalla on hengenahdistusta, ei osaa sanoa onko rintakipua.",,,,,,,,,,,,,,,,,,,,,,,,,,,,,,,,,,,,
,,,,,,,Ei,"Potilaalla ei ole hengenahdistusta, mutta ei osaa sanoa onko rintakipua.",,,,,,,,,,,,,,,,,,,,,,,,,,,,,,,,,,,,
,,,,,,,En osaa sanoa,Potilas ei osaa sanoa onko rintakipua tai hengenahdistusta.,,,,,,,,,,,,,,,,,,,,,,,,,,,,,,,,,,,,
