"YSKƒ, KORVAKIPU; NUHA",KYSYMYSTEKSTI,TYYPPI,VAIHTOEHDOT,TEKSTI,KYSYMYSTEKSTI,TYYPPI,VAIHTOEHDOT,TEKSTI,KYSYMYSTEKSTI,TYYPPI,VAIHTOEHDOT,TEKSTI,KYSYMYSTEKSTI,TYYPPI,VAIHTOEHDOT,TEKSTI,KYSYMYSTEKSTI,TYYPPI,VAIHTOEHDOT,,,,,,,,,,,,,,,,,,
,Onko sinulla ysk‰‰?,valinta,Kyll‰,,Milloin ysk‰ on alkanut?,valinta,Ysk‰‰ on ollut 1-3 vrk ajan,,Onko ysk‰ p‰‰osin limaista vai kuivaa?,valinta,Ysk‰ on limaista,1-3 vrk ajan ollut kuivaa ysk‰‰.,,,,,,,,,,,,,,,,,,,,,,,,,
,,,,,,,,,,,Ysk‰ on kuivaa,1-3 vrk ajan ollut limaista ysk‰‰.,,,,,,,,,,,,,,,,,,,,,,,,,
,,,,,,,Ysk‰‰ on ollut 4-6 vrk ajan,,Onko ysk‰ jatkuvaa vai puuskittaista? Valitse parhaiten sopiva vaihtoehto,Valinta,Minulla esiintyy pelk‰st‰‰n ysk‰npuuskia,,Onko ysk‰ p‰‰osin limaista vai kuivaa?,valinta,Ysk‰ on limaista,,"Onko ysk‰ pahenemassa, pysynyt samanalaisena vai helpottamassa?",valinta,Ysk‰ on jo helpottamassa,"4-6 vrk ajan ollut limaisia ysk‰npuuskia, jotka ovat jo helpottamassa.",,,,,,,,,,,,,,,,,
,,,,,,,,,,,,,,,,,,,Ysk‰ on pysynyt samanalaisena,4-6 vrk ajan ollut limaisia ysk‰npuuskia.,,,,,,,,,,,,,,,,,
,,,,,,,,,,,,,,,,,,,Ysk‰ on pahenemassa,4-6 vrk ajan ollut pahenevia limaisia ysk‰npuuskia.,,,,,,,,,,,,,,,,,
,,,,,,,,,,,,,,,Ysk‰ on kuivaa,,"Onko ysk‰ pahenemassa, pysynyt samanalaisena vai helpottamassa?",valinta,Ysk‰ on jo helpottamassa,"4-6 vrk ajan ollut kuivia ysk‰npuuskia, jotka ovat jo helpottamassa.",,,,,,,,,,,,,,,,,
,,,,,,,,,,,,,,,,,,,Ysk‰ on pysynyt samanalaisena,4-6 vrk ajan ollut kuivia ysk‰npuuskia.,,,,,,,,,,,,,,,,,
,,,,,,,,,,,,,,,,,,,Ysk‰ on pahenemassa,4-6 vrk ajan ollut pahenevia kuivia ysk‰npuuskia.,,,,,,,,,,,,,,,,,
,,,,,,,,,,,Ysk‰ on jatkuvaa,,Onko ysk‰ p‰‰osin limaista vai kuivaa?,valinta,Ysk‰ on limaista,,"Onko ysk‰ pahenemassa, pysynyt samanalaisena vai helpottamassa?",valinta,Ysk‰ on jo helpottamassa,"4-6 vrk ajan ollut jatkuvaa limaista ysk‰‰, joka on jo helpottamassa.",,,,,,,,,,,,,,,,,
,,,,,,,,,,,,,,,,,,,Ysk‰ on pysynyt samanalaisena,4-6 vrk ajan ollut jatkuvaa limaista ysk‰‰.,,,,,,,,,,,,,,,,,
,,,,,,,,,,,,,,,,,,,Ysk‰ on pahenemassa,4-6 vrk ajan ollut jatkuvaa ja pahenevaa limaista ysk‰‰.,,,,,,,,,,,,,,,,,
,,,,,,,,,,,,,,,Ysk‰ on kuivaa,,"Onko ysk‰ pahenemassa, pysynyt samanalaisena vai helpottamassa?",valinta,Ysk‰ on jo helpottamassa,"4-6 vrk ajan ollut jatkuvaa kuivaa ysk‰‰, joka on jo helpottamassa.",,,,,,,,,,,,,,,,,
,,,,,,,,,,,,,,,,,,,Ysk‰ on pysynyt samanalaisena,4-6 vrk ajan ollut jatkuvaa kuivaa ysk‰‰.,,,,,,,,,,,,,,,,,
,,,,,,,,,,,,,,,,,,,Ysk‰ on pahenemassa,4-6 vrk ajan ollut jatkuvaa ja pahenevaa kuivaa ysk‰‰.,,,,,,,,,,,,,,,,,
,,,,,,,Ysk‰‰ on ollut 1-2 vko ajan,,Onko ysk‰ jatkuvaa vai puuskittaista? Valitse parhaiten sopiva vaihtoehto,Valinta,Minulla esiintyy pelk‰st‰‰n ysk‰npuuskia,,Onko ysk‰ p‰‰osin limaista vai kuivaa?,valinta,Ysk‰ on limaista,,"Onko ysk‰ pahenemassa, pysynyt samanalaisena vai helpottamassa?",valinta,Ysk‰ on jo helpottamassa,"1-2 vko ajan ollut limaisia ysk‰npuuskia, jotka ovat jo helpottamassa.",,,,,,,,,,,,,,,,,
,,,,,,,,,,,,,,,,,,,Ysk‰ on pysynyt samanalaisena,1-2 vko ajan ollut limaisia ysk‰npuuskia.,,,,,,,,,,,,,,,,,
,,,,,,,,,,,,,,,,,,,Ysk‰ on pahenemassa,1-2 vko ajan ollut pahenevia limaisia ysk‰npuuskia.,,,,,,,,,,,,,,,,,
,,,,,,,,,,,,,,,Ysk‰ on kuivaa,,"Onko ysk‰ pahenemassa, pysynyt samanalaisena vai helpottamassa?",valinta,Ysk‰ on jo helpottamassa,"1-2 vko ajan ollut kuivia ysk‰npuuskia, jotka ovat jo helpottamassa.",,,,,,,,,,,,,,,,,
,,,,,,,,,,,,,,,,,,,Ysk‰ on pysynyt samanalaisena,1-2 vko ajan ollut kuivia ysk‰npuuskia.,,,,,,,,,,,,,,,,,
,,,,,,,,,,,,,,,,,,,Ysk‰ on pahenemassa,1-2 vko ajan ollut pahenevia kuivia ysk‰npuuskia.,,,,,,,,,,,,,,,,,
,,,,,,,,,,,Ysk‰ on jatkuvaa,,Onko ysk‰ p‰‰osin limaista vai kuivaa?,valinta,Ysk‰ on limaista,,"Onko ysk‰ pahenemassa, pysynyt samanalaisena vai helpottamassa?",valinta,Ysk‰ on jo helpottamassa,"1-2 vko ajan ollut jatkuvaa limaista ysk‰‰, joka on jo helpottamassa.",,,,,,,,,,,,,,,,,
,,,,,,,,,,,,,,,,,,,Ysk‰ on pysynyt samanalaisena,1-2 vko ajan ollut jatkuvaa limaista ysk‰‰.,,,,,,,,,,,,,,,,,
,,,,,,,,,,,,,,,,,,,Ysk‰ on pahenemassa,1-2 vko ajan ollut jatkuvaa ja pahenevaa limaista ysk‰‰.,,,,,,,,,,,,,,,,,
,,,,,,,,,,,,,,,Ysk‰ on kuivaa,,"Onko ysk‰ pahenemassa, pysynyt samanalaisena vai helpottamassa?",valinta,Ysk‰ on jo helpottamassa,"1-2 vko ajan ollut jatkuvaa kuivaa ysk‰‰, joka on jo helpottamassa.",,,,,,,,,,,,,,,,,
,,,,,,,,,,,,,,,,,,,Ysk‰ on pysynyt samanalaisena,1-2 vko ajan ollut jatkuvaa kuivaa ysk‰‰.,,,,,,,,,,,,,,,,,
,,,,,,,,,,,,,,,,,,,Ysk‰ on pahenemassa,1-2 vko ajan ollut jatkuvaa ja pahenevaa kuivaa ysk‰‰.,,,,,,,,,,,,,,,,,
,,,,,,,Ysk‰‰ on ollut 2vko-1kk ajan,,Onko ysk‰ jatkuvaa vai puuskittaista? Valitse parhaiten sopiva vaihtoehto,Valinta,Minulla esiintyy pelk‰st‰‰n ysk‰npuuskia,,Onko ysk‰ p‰‰osin limaista vai kuivaa?,valinta,Ysk‰ on limaista,,"Onko ysk‰ pahenemassa, pysynyt samanalaisena vai helpottamassa?",valinta,Ysk‰ on jo helpottamassa,"2 vko - 1kk ajan ollut limaisia ysk‰npuuskia, jotka ovat jo helpottamassa.",,,,,,,,,,,,,,,,,
,,,,,,,,,,,,,,,,,,,Ysk‰ on pysynyt samanalaisena,2 vko - 1kk ajan ollut limaisia ysk‰npuuskia.,,,,,,,,,,,,,,,,,
,,,,,,,,,,,,,,,,,,,Ysk‰ on pahenemassa,2 vko - 1kk ajan ollut pahenevia limaisia ysk‰npuuskia.,,,,,,,,,,,,,,,,,
,,,,,,,,,,,,,,,Ysk‰ on kuivaa,,"Onko ysk‰ pahenemassa, pysynyt samanalaisena vai helpottamassa?",valinta,Ysk‰ on jo helpottamassa,"2 vko - 1kk ajan ollut kuivia ysk‰npuuskia, jotka ovat jo helpottamassa.",,,,,,,,,,,,,,,,,
,,,,,,,,,,,,,,,,,,,Ysk‰ on pysynyt samanalaisena,2 vko - 1kk ajan ollut kuivia ysk‰npuuskia.,,,,,,,,,,,,,,,,,
,,,,,,,,,,,,,,,,,,,Ysk‰ on pahenemassa,2 vko - 1kk ajan ollut pahenevia kuivia ysk‰npuuskia.,,,,,,,,,,,,,,,,,
,,,,,,,,,,,Ysk‰ on jatkuvaa,,Onko ysk‰ p‰‰osin limaista vai kuivaa?,valinta,Ysk‰ on limaista,,"Onko ysk‰ pahenemassa, pysynyt samanalaisena vai helpottamassa?",valinta,Ysk‰ on jo helpottamassa,"2 vko - 1kk ajan ollut jatkuvaa limaista ysk‰‰, joka on jo helpottamassa.",,,,,,,,,,,,,,,,,
,,,,,,,,,,,,,,,,,,,Ysk‰ on pysynyt samanalaisena,2 vko - 1kk ajan ollut jatkuvaa limaista ysk‰‰.,,,,,,,,,,,,,,,,,
,,,,,,,,,,,,,,,,,,,Ysk‰ on pahenemassa,2 vko - 1kk ajan ollut jatkuvaa ja pahenevaa limaista ysk‰‰.,,,,,,,,,,,,,,,,,
,,,,,,,,,,,,,,,Ysk‰ on kuivaa,,"Onko ysk‰ pahenemassa, pysynyt samanalaisena vai helpottamassa?",valinta,Ysk‰ on jo helpottamassa,"2 vko - 1kk ajan ollut jatkuvaa kuivaa ysk‰‰, joka on jo helpottamassa.",,,,,,,,,,,,,,,,,
,,,,,,,,,,,,,,,,,,,Ysk‰ on pysynyt samanalaisena,2 vko - 1kk ajan ollut jatkuvaa kuivaa ysk‰‰.,,,,,,,,,,,,,,,,,
,,,,,,,,,,,,,,,,,,,Ysk‰ on pahenemassa,2 vko - 1kk ajan ollut jatkuvaa ja pahenevaa kuivaa ysk‰‰.,,,,,,,,,,,,,,,,,
,,,,,,,Ysk‰‰ on ollut yli 1 kk ajan,,Onko ysk‰ jatkuvaa vai puuskittaista? Valitse parhaiten sopiva vaihtoehto,Valinta,Minulla esiintyy pelk‰st‰‰n ysk‰npuuskia,,Onko ysk‰ p‰‰osin limaista vai kuivaa?,valinta,Ysk‰ on limaista,,"Onko ysk‰ pahenemassa, pysynyt samanalaisena vai helpottamassa?",valinta,Ysk‰ on jo helpottamassa,"Yli 1kk ajan ollut limaisia ysk‰npuuskia, jotka ovat jo helpottamassa.",,,,,,,,,,,,,,,,,
,,,,,,,,,,,,,,,,,,,Ysk‰ on pysynyt samanalaisena,Yli 1kk ajan ollut limaisia ysk‰npuuskia.,,,,,,,,,,,,,,,,,
,,,,,,,,,,,,,,,,,,,Ysk‰ on pahenemassa,Yli 1kk ajan ollut pahenevia limaisia ysk‰npuuskia.,,,,,,,,,,,,,,,,,
,,,,,,,,,,,,,,,Ysk‰ on kuivaa,,"Onko ysk‰ pahenemassa, pysynyt samanalaisena vai helpottamassa?",valinta,Ysk‰ on jo helpottamassa,"Yli 1kk ajan ollut kuivia ysk‰npuuskia, jotka ovat jo helpottamassa.",,,,,,,,,,,,,,,,,
,,,,,,,,,,,,,,,,,,,Ysk‰ on pysynyt samanalaisena,Yli 1kk ajan ollut kuivia ysk‰npuuskia.,,,,,,,,,,,,,,,,,
,,,,,,,,,,,,,,,,,,,Ysk‰ on pahenemassa,Yli 1kk ajan ollut pahenevia kuivia ysk‰npuuskia.,,,,,,,,,,,,,,,,,
,,,,,,,,,,,Ysk‰ on jatkuvaa,,Onko ysk‰ p‰‰osin limaista vai kuivaa?,valinta,Ysk‰ on limaista,,"Onko ysk‰ pahenemassa, pysynyt samanalaisena vai helpottamassa?",valinta,Ysk‰ on jo helpottamassa,"Yli 1kk ajan ollut jatkuvaa limaista ysk‰‰, joka on jo helpottamassa.",,,,,,,,,,,,,,,,,
,,,,,,,,,,,,,,,,,,,Ysk‰ on pysynyt samanalaisena,Yli 1kk ajan ollut jatkuvaa limaista ysk‰‰.,,,,,,,,,,,,,,,,,
,,,,,,,,,,,,,,,,,,,Ysk‰ on pahenemassa,Yli 1kk ajan ollut pahenevaa jatkuvaa limaista ysk‰‰.,,,,,,,,,,,,,,,,,
,,,,,,,,,,,,,,,Ysk‰ on kuivaa,,"Onko ysk‰ pahenemassa, pysynyt samanalaisena vai helpottamassa?",valinta,Ysk‰ on jo helpottamassa,"Yli 1kk ajan ollut jatkuvaa kuivaa ysk‰‰, joka on jo helpottamassa.",,,,,,,,,,,,,,,,,
,,,,,,,,,,,,,,,,,,,Ysk‰ on pysynyt samanalaisena,Yli 1kk ajan ollut jatkuvaa kuivaa ysk‰‰.,,,,,,,,,,,,,,,,,
,,,,,,,,,,,,,,,,,,,Ysk‰ on pahenemassa,Yli 1kk ajan ollut jatkuvaa ja pahenevaa kuivaa ysk‰‰.,,,,,,,,,,,,,,,,,
,,,Ei,Ei ysk‰‰.,,,,,,,,,,,,,,,,,,,,,,,,,,,,,,,,,
,Onko sinulla kurkkukipua?,valinta,Kyll‰,,Milloin kurkkukipu on alkanut?,valinta,Kurkkukipua on ollut 1-3 vrk ajan,1-3 vrk ajan ollut kurkkukipua.,,,,,,,,,,,,,,,,,,,,,,,,,,,,,
,,,,,,,Kurkkukipua on ollut 4-6 vrk ajan,,"Onko kurkkukipu pahenemassa, pysynyt samanalaisena vai helpottamassa?",valinta,Kurkkukipu on helpottamassa,"Kurkkukipua 4-6 vrk:n ajan, on mennyt parempaan suuntaan.",,,,,,,,,,,,,,,,,,,,,,,,,
,,,,,,,,,,,Kurkkukipu on pysynyt samanlaisena,Tasaista kurkkukipua 4-6 vrk ajan.,,,,,,,,,,,,,,,,,,,,,,,,,
,,,,,,,,,,,Kurkkukipu on pahenemassa,4-6 vrk ajan ollut pahenevaa kurkkukipua.,,,,,,,,,,,,,,,,,,,,,,,,,
,,,,,,,Kurkkukipua on ollut 1-2 vko ajan,,"Onko kurkkukipu pahenemassa, pysynyt samanalaisena vai helpottamassa?",valinta,Kurkkukipu on helpottamassa,"Kurkkukipua 1-2 vko ajan, on mennyt parempaan suuntaan.",,,,,,,,,,,,,,,,,,,,,,,,,
,,,,,,,,,,,Kurkkukipu on pysynyt samanlaisena,Tasaista kurkkukipua 1-2 vko ajan.,,,,,,,,,,,,,,,,,,,,,,,,,
,,,,,,,,,,,Kurkkukipu on pahenemassa,1-2 vko ajan ollut pahenevaa kurkkukipua.,,,,,,,,,,,,,,,,,,,,,,,,,
,,,,,,,Kurkkukipua on ollut 2 vko - 1 kk ajan,,"Onko kurkkukipu pahenemassa, pysynyt samanalaisena vai helpottamassa?",valinta,Kurkkukipu on helpottamassa,"Kurkkukipua 2 vko - 1 kk ajan, on mennyt parempaan suuntaan.",,,,,,,,,,,,,,,,,,,,,,,,,
,,,,,,,,,,,Kurkkukipu on pysynyt samanlaisena,Tasaista kurkkukipua 2 vko - 1 kk ajan.,,,,,,,,,,,,,,,,,,,,,,,,,
,,,,,,,,,,,Kurkkukipu on pahenemassa,2 vko - 1 kk ajan ollut pahenevaa kurkkukipua.,,,,,,,,,,,,,,,,,,,,,,,,,
,,,,,,,Kurkkukipua on ollut yli 1 kk ajan,,"Onko kurkkukipu pahenemassa, pysynyt samanalaisena vai helpottamassa?",valinta,Kurkkukipu on helpottamassa,"Kurkkukipua yli 1 kk ajan, on mennyt parempaan suuntaan.",,,,,,,,,,,,,,,,,,,,,,,,,
,,,,,,,,,,,Kurkkukipu on pysynyt samanlaisena,Tasaista kurkkukipua 2 vko - 1 kk ajan.,,,,,,,,,,,,,,,,,,,,,,,,,
,,,,,,,,,,,Kurkkukipu on pahenemassa,2 vko - 1 kk ajan ollut pahenevaa kurkkukipua.,,,,,,,,,,,,,,,,,,,,,,,,,
,,,,,Onko l‰hipiiriss‰ esiintynyt angiinaa (streptokokkinielutulehdusta) l‰hiaikoina?,valinta,Kyll‰,L‰hipiiriss‰ on esiintynyt streptokokkinielutulehdusta.,,,,,,,,,,,,,,,,,,,,,,,,,,,,,
,,,,,,,Ei,L‰hipiiriss‰ ei ole esiintynyt streptokokkinielutulehdusta.,,,,,,,,,,,,,,,,,,,,,,,,,,,,,
,,,Ei ,Ei kurkkukipua.,,,,,,,,,,,,,,,,,,,,,,,,,,,,,,,,,
,Onko sinulla nuhaa?,valinta,Kyll‰,,Milloin nuha on alkanut?,valinta,Nuhaa on ollut 1-3 vrk ajan,,Onko nuha ollut limaista vai vetist‰?,valinta,Nuha on vetist‰,1-3 vrk ajan ollut vetist‰ nuhaa.,,,,,,,,,,,,,,,,,,,,,,,,,
,,,,,,,,,,,Nuha on limaista,1-3 vrk ajan ollut limaista nuhaa.,,,,,,,,,,,,,,,,,,,,,,,,,
,,,,,,,Nuhaa on ollut 4-6 vrk ajan,,Onko nuha ollut limaista vai vetist‰?,valinta,Nuha on vetist‰,,"Onko nuha pahenemassa, pysynyt samanalaisena vai helpottamassa?",valinta,Nuha on helpottamassa,"4-6 vrk ajan vetist‰ nuhaa, joka on helpottamassa.",,,,,,,,,,,,,,,,,,,,,
,,,,,,,,,,,,,,,Nuha on pysynyt samanlaisena,4-6 vrk ajan ollut tasaista vetist‰ nuhaa.,,,,,,,,,,,,,,,,,,,,,
,,,,,,,,,,,,,,,Nuha on pahenemassa,4-6 vrk ajan ollut pahenevaa vetist‰ nuhaa.,,,,,,,,,,,,,,,,,,,,,
,,,,,,,,,,,Nuha on limaista,,"Onko nuha pahenemassa, pysynyt samanalaisena vai helpottamassa?",valinta,Nuha on helpottamassa,"4-6 vrk ajan limaista nuhaa, joka on helpottamassa.",,,,,,,,,,,,,,,,,,,,,
,,,,,,,,,,,,,,,Nuha on pysynyt samanlaisena,4-6 vrk ajan ollut tasaista limaista nuhaa.,,,,,,,,,,,,,,,,,,,,,
,,,,,,,,,,,,,,,Nuha on pahenemassa,4-6 vrk ajan ollut pahenevaa limaista nuhaa.,,,,,,,,,,,,,,,,,,,,,
,,,,,,,Nuhaa on ollut 1-2 vko ajan,,Onko nuha ollut limaista vai vetist‰?,valinta,Nuha on vetist‰,,"Onko nuha pahenemassa, pysynyt samanalaisena vai helpottamassa?",valinta,Nuha on helpottamassa,"1-2 vko ajan vetist‰ nuhaa, joka on helpottamassa.",,,,,,,,,,,,,,,,,,,,,
,,,,,,,,,,,,,,,Nuha on pysynyt samanlaisena,1-2 vko ajan ollut tasaista vetist‰ nuhaa.,,,,,,,,,,,,,,,,,,,,,
,,,,,,,,,,,,,,,Nuha on pahenemassa,1-2 vko ajan ollut pahenevaa vetist‰ nuhaa.,,,,,,,,,,,,,,,,,,,,,
,,,,,,,,,,,Nuha on limaista,,"Onko nuha pahenemassa, pysynyt samanalaisena vai helpottamassa?",valinta,Nuha on helpottamassa,"1-2 vko ajan limaista nuhaa, joka on helpottamassa.",,,,,,,,,,,,,,,,,,,,,
,,,,,,,,,,,,,,,Nuha on pysynyt samanlaisena,1-2 vko ajan ollut tasaista limaista nuhaa.,,,,,,,,,,,,,,,,,,,,,
,,,,,,,,,,,,,,,Nuha on pahenemassa,1-2 vko ajan ollut pahenevaa limaista nuhaa.,,,,,,,,,,,,,,,,,,,,,
,,,,,,,Nuhaa on ollut 2 vko - 1 kk ajan,,Onko nuha ollut limaista vai vetist‰?,valinta,Nuha on vetist‰,,"Onko nuha pahenemassa, pysynyt samanalaisena vai helpottamassa?",valinta,Nuha on helpottamassa,"2 vko - 1 kk ajan vetist‰ nuhaa, joka on helpottamassa.",,,,,,,,,,,,,,,,,,,,,
,,,,,,,,,,,,,,,Nuha on pysynyt samanlaisena,2 vko - 1 kk ajan ollut tasaista vetist‰ nuhaa.,,,,,,,,,,,,,,,,,,,,,
,,,,,,,,,,,,,,,Nuha on pahenemassa,2 vko - 1 kk ajan ollut pahenevaa vetist‰ nuhaa.,,,,,,,,,,,,,,,,,,,,,
,,,,,,,,,,,Nuha on limaista,,"Onko nuha pahenemassa, pysynyt samanalaisena vai helpottamassa?",valinta,Nuha on helpottamassa,"2 vko - 1 kk ajan limaista nuhaa, joka on helpottamassa.",,,,,,,,,,,,,,,,,,,,,
,,,,,,,,,,,,,,,Nuha on pysynyt samanlaisena,2 vko - 1 kk ajan ollut tasaista limaista nuhaa.,,,,,,,,,,,,,,,,,,,,,
,,,,,,,,,,,,,,,Nuha on pahenemassa,2 vko - 1 kk ajan ollut pahenevaa limaista nuhaa.,,,,,,,,,,,,,,,,,,,,,
,,,,,,,Nuhaa on ollu yli 1 kk ajan,,Onko nuha ollut limaista vai vetist‰?,valinta,Nuha on vetist‰,,"Onko nuha pahenemassa, pysynyt samanalaisena vai helpottamassa?",valinta,Nuha on helpottamassa,"Yli 1 kk ajan vetist‰ nuhaa, joka on helpottamassa.",,,,,,,,,,,,,,,,,,,,,
,,,,,,,,,,,,,,,Nuha on pysynyt samanlaisena,Yli 1 kk ajan ollut tasaista vetist‰ nuhaa.,,,,,,,,,,,,,,,,,,,,,
,,,,,,,,,,,,,,,Nuha on pahenemassa,Yli 1 kk ajan ollut pahenevaa vetist‰ nuhaa.,,,,,,,,,,,,,,,,,,,,,
,,,,,,,,,,,Nuha on limaista,,"Onko nuha pahenemassa, pysynyt samanalaisena vai helpottamassa?",valinta,Nuha on helpottamassa,"Yli 1 kk ajan limaista nuhaa, joka on helpottamassa.",,,,,,,,,,,,,,,,,,,,,
,,,,,,,,,,,,,,,Nuha on pysynyt samanlaisena,Yli 1 kk ajan ollut tasaista limaista nuhaa.,,,,,,,,,,,,,,,,,,,,,
,,,,,,,,,,,,,,,Nuha on pahenemassa,Yli 1 kk ajan ollut pahenevaa limaista nuhaa.,,,,,,,,,,,,,,,,,,,,,
,,,,,Onko sinulla paineen tunnetta ja/tai kipua poskissa/kasvoissa?,valinta,Kyll‰,,Milloin paineen tunne ja/tai kipu poskissa/kasvoissa on alkanut? ,valinta,Paineen tunne/kipu on alkanut t‰n‰‰n,T‰n‰‰n alkanut paineen tunne/kipu poskissa/kasvoilla.,,,,,,,,,,,,,,,,,,,,,,,,,
,,,,,,,,,,,Paineen tunnetta/kipua on ollut 1-3 vrk ajan,4-6 vrk ajan ollut paineen tunnetta/kipua poskissa/kasvoissa.,,,,,,,,,,,,,,,,,,,,,,,,,
,,,,,,,,,,,Paineen tunnetta/kipua on ollut 4-6 vrk ajan,4-6 vrk ajan ollut paineen tunnetta/kipua poskissa/kasvoissa. ,,,,,,,,,,,,,,,,,,,,,,,,,
,,,,,,,,,,,Paineen tunnetta/kipua on ollut 1-2 vko ajan,1-2 vko ajan ollut paineen tunnetta/kipua poskissa/kasvoissa.,,,,,,,,,,,,,,,,,,,,,,,,,
,,,,,,,,,,,Paineen tunnetta/kipua on ollut yli 2 vko ajan,Yli 2 vko ajan ollut paineen tunnetta/kipua poskissa/kasvoissa.,,,,,,,,,,,,,,,,,,,,,,,,,
,,,,,,,Ei ,Ei paineen tunnetta/kipua poskissa/kasvoissa.,,,,,,,,,,,,,,,,,,,,,,,,,,,,,
,,,Ei,Ei nuhaa,,,,,,,,,,,,,,,,,,,,,,,,,,,,,,,,,
,Onko sinulla korvakipua?,valinta,Kyll‰,,Milloin korvakipu on alkanut?,valinta,Korvakipu on alkanut t‰n‰‰n.,,Valitse seuraavista parhaiten sopiva vaihtoehto,valinta,Oikea korva on kipe‰,T‰n‰‰n alkanut oikean korvan kipu.,,,,,,,,,,,,,,,,,,,,,,,,,
,,,,,,,,,,,Vasen korva on kipe‰,T‰n‰‰n alkanut vasemman korvan kipu.,,,,,,,,,,,,,,,,,,,,,,,,,
,,,,,,,,,,,Molemmat korvat ovat kipeit‰,T‰n‰‰n alkanut molempien korvien kipu.,,,,,,,,,,,,,,,,,,,,,,,,,
,,,,,,,Korvakipua on ollut 1-3 vrk ajan,,Valitse seuraavista parhaiten sopiva vaihtoehto,valinta,Oikea korva on kipe‰,1-3 vrk ajan on ollut oikean korvan kipua.,,,,,,,,,,,,,,,,,,,,,,,,,
,,,,,,,,,,,Vasen korva on kipe‰,1-3 vrk ajan on ollut vasemman korvan kipua.,,,,,,,,,,,,,,,,,,,,,,,,,
,,,,,,,,,,,Molemmat korvat ovat kipeit‰,1-3 vrk ajan on ollut molempien korvien kipua.,,,,,,,,,,,,,,,,,,,,,,,,,
,,,,,,,Korvakipua on ollut 4-6 vrk ajan,,Valitse seuraavista parhaiten sopiva vaihtoehto,valinta,Oikea korva on kipe‰,,Valitse seuraavista parhaiten sopiva vaihtoehto,valinta,Korvakipu on helpottamassa,"4-6 vrk ajan on ollut oikean korvan kipua, joka on helpottamassa.",,,,,,,,,,,,,,,,,,,,,
,,,,,,,,,,,,,,,Korvakipu on pysynyt samanlaisena,4-6  vrk ajan on ollut tasaista oikean korvan kipua.,,,,,,,,,,,,,,,,,,,,,
,,,,,,,,,,,,,,,Korvakipu on pahenemassa,4-6  vrk ajan on ollut pahenevaa oikean korvan kipua.,,,,,,,,,,,,,,,,,,,,,
,,,,,,,,,,,Vasen korva on kipe‰,,Valitse seuraavista parhaiten sopiva vaihtoehto,valinta,Korvakipu on helpottamassa,"4-6 vrk ajan on ollut vasemman korvan kipua, joka on helpottamassa.",,,,,,,,,,,,,,,,,,,,,
,,,,,,,,,,,,,,,Korvakipu on pysynyt samanlaisena,4-6  vrk ajan on ollut tasaista vasemman korvan kipua.,,,,,,,,,,,,,,,,,,,,,
,,,,,,,,,,,,,,,Korvakipu on pahenemassa,4-6  vrk ajan on ollut pahenevaa vasemman korvan kipua.,,,,,,,,,,,,,,,,,,,,,
,,,,,,,,,,,Molemmat korvat ovat kipeit‰,,Valitse seuraavista parhaiten sopiva vaihtoehto,valinta,Korvakipu on helpottamassa,"4-6 vrk ajan on ollut molempien korvien kipua, joka on helpottamassa.",,,,,,,,,,,,,,,,,,,,,
,,,,,,,,,,,,,,,Korvakipu on pysynyt samanlaisena,4-6 vrk ajan on ollut tasaista molempien korvien kipua.,,,,,,,,,,,,,,,,,,,,,
,,,,,,,,,,,,,,,Korvakipu on pahenemassa,4-6 vrk ajan on ollut pahenevaa molempien korvien kipua.,,,,,,,,,,,,,,,,,,,,,
,,,,,,,Korvakipua on ollut 1-2 vko ajan,,Valitse seuraavista parhaiten sopiva vaihtoehto,valinta,Oikea korva on kipe‰,,Valitse seuraavista parhaiten sopiva vaihtoehto,valinta,Korvakipu on helpottamassa,"1-2 vko ajan on ollut oikean korvan kipua, joka on helpottamassa.",,,,,,,,,,,,,,,,,,,,,
,,,,,,,,,,,,,,,Korvakipu on pysynyt samanlaisena,1-2 vko ajan on ollut tasaista oikean korvan kipua.,,,,,,,,,,,,,,,,,,,,,
,,,,,,,,,,,,,,,Korvakipu on pahenemassa,1-2 vko ajan on ollut pahenevaa oikean korvan kipua.,,,,,,,,,,,,,,,,,,,,,
,,,,,,,,,,,Vasen korva on kipe‰,,Valitse seuraavista parhaiten sopiva vaihtoehto,valinta,Korvakipu on helpottamassa,"1-2 vko ajan on ollut vasemman korvan kipua, joka on helpottamassa.",,,,,,,,,,,,,,,,,,,,,
,,,,,,,,,,,,,,,Korvakipu on pysynyt samanlaisena,1-2 vko ajan on ollut tasaista vasemman korvan kipua.,,,,,,,,,,,,,,,,,,,,,
,,,,,,,,,,,,,,,Korvakipu on pahenemassa,1-2 vko ajan on ollut pahenevaa vasemman korvan kipua.,,,,,,,,,,,,,,,,,,,,,
,,,,,,,,,,,Molemmat korvat ovat kipeit‰,,Valitse seuraavista parhaiten sopiva vaihtoehto,valinta,Korvakipu on helpottamassa,"1-2 vko ajan on ollut molempien korvien kipua, joka on helpottamassa.",,,,,,,,,,,,,,,,,,,,,
,,,,,,,,,,,,,,,Korvakipu on pysynyt samanlaisena,1-2 vko ajan on ollut tasaista molempien korvien kipua.,,,,,,,,,,,,,,,,,,,,,
,,,,,,,,,,,,,,,Korvakipu on pahenemassa,1-2 vko ajan on ollut pahenevaa molempien korvien kipua.,,,,,,,,,,,,,,,,,,,,,
,,,,,,,Korvakipua on ollut yli 2 vko,,Valitse seuraavista parhaiten sopiva vaihtoehto,valinta,Oikea korva on kipe‰,,Valitse seuraavista parhaiten sopiva vaihtoehto,valinta,Korvakipu on helpottamassa,"Yli 2 vko ajan on ollut oikean korvan kipua, joka on helpottamassa.",,,,,,,,,,,,,,,,,,,,,
,,,,,,,,,,,,,,,Korvakipu on pysynyt samanlaisena,Yli 2 vko ajan on ollut tasaista oikean korvan kipua.,,,,,,,,,,,,,,,,,,,,,
,,,,,,,,,,,,,,,Korvakipu on pahenemassa,Yli 2 vko ajan on ollut pahenevaa oikean korvan kipua.,,,,,,,,,,,,,,,,,,,,,
,,,,,,,,,,,Vasen korva on kipe‰,,Valitse seuraavista parhaiten sopiva vaihtoehto,valinta,Korvakipu on helpottamassa,"Yli 2 vko ajan on ollut vasemman korvan kipua, joka on helpottamassa.",,,,,,,,,,,,,,,,,,,,,
,,,,,,,,,,,,,,,Korvakipu on pysynyt samanlaisena,Yli 2 vko ajan on ollut tasaista vasemman korvan kipua.,,,,,,,,,,,,,,,,,,,,,
,,,,,,,,,,,,,,,Korvakipu on pahenemassa,Yli 2 vko ajan on ollut pahenevaa vasemman korvan kipua.,,,,,,,,,,,,,,,,,,,,,
,,,,,,,,,,,Molemmat korvat ovat kipeit‰,,Valitse seuraavista parhaiten sopiva vaihtoehto,valinta,Korvakipu on helpottamassa,"Yli 2 vko ajan on ollut molempien korvien kipua, joka on helpottamassa.",,,,,,,,,,,,,,,,,,,,,
,,,,,,,,,,,,,,,Korvakipu on pysynyt samanlaisena,Yli 2 vko ajan on ollut tasaista molempien korvien kipua.,,,,,,,,,,,,,,,,,,,,,
,,,,,,,,,,,,,,,Korvakipu on pahenemassa,Yli 2 vko ajan on ollut pahenevaa molempien korvien kipua.,,,,,,,,,,,,,,,,,,,,,
,,,,,Onko korvasta tullut m‰rk‰‰ tai eritett‰?,valinta,Kyll‰,Korvasta/korvista on tullut ulos eritett‰.,,,,,,,,,,,,,,,,,,,,,,,,,,,,,
,,,,,,,Ei,,,,,,,,,,,,,,,,,,,,,,,,,,,,,,
,,,Ei,Ei korvakipua.,,,,,,,,,,,,,,,,,,,,,,,,,,,,,,,,,
,Onko sinulla p‰‰ns‰rky‰?,valinta,Kyll‰,,Kuinka kauan sinulla on ollut p‰‰ns‰rky‰?,valinta,P‰‰ns‰rky on alkanut minulla t‰n‰‰n.,,"Kuinka kova kipu pahimmillaan on? kipuasteikko vas 1-10, jossa 1=ei juuri kipua lainkaan vrt 10=pahin mahdollinen siet‰m‰tˆn kipu",ligert,,"T‰n‰‰n alkanut p‰‰ns‰rky, pahimmillaan VAS __ .",,,,,,,,,,,,,,,,,,,,,,,,,
,,,,,,,Minulla on ollut p‰‰ns‰rky‰ 1-3 vuorokauden ajan.,,Onko p‰‰ns‰rky jatkuvaa vai ajoittaista vai aaltomaista?,valinta ,P‰‰ns‰rky on jatkuvaa,,"Kuinka kova kipu pahimmillaan on? Kipuasteikko VAS 1-10, jossa 1=ei juuri kipua lainkaan vrt 10=pahin mahdollinen siet‰m‰tˆn kipu",ligert,,"1-3 vrk ajan ollut jatkuvaa p‰‰ns‰rky‰, pahimmillaan VAS __ .",,,,,,,,,,,,,,,,,,,,,
,,,,,,,,,,,"P‰‰ns‰rky on aaltoilevaa (v‰lill‰ helpottaa, mutta ei v‰isty kokonaan)",,"Kuinka kova kipu pahimmillaan on? Kipuasteikko VAS 1-10, jossa 1=ei juuri kipua lainkaan vrt 10=pahin mahdollinen siet‰m‰tˆn kipu",vapaateksti,,"1-3 vrk ajan ollut aaltoilevaa p‰‰ns‰rky‰, pahimmillaan VAS __ .",,,,,,,,,,,,,,,,,,,,,
,,,,,,,,,,,P‰‰ns‰rky on ajoittaista (kipu h‰vi‰‰ v‰lill‰ kokonaan),,"Kuinka kova kipu pahimmillaan on? Kipuasteikko VAS 1-10, jossa 1=ei juuri kipua lainkaan vrt 10=pahin mahdollinen siet‰m‰tˆn kipu",ligert,,"1-3 vrk ajan ollut ajoittaista p‰‰ns‰rky‰, pahimmillaan VAS __ .",,,,,,,,,,,,,,,,,,,,,
,,,,,,,Minulla on ollut p‰‰ns‰rky‰ 4-6 vuorokauden ajan.,,Onko p‰‰ns‰rky viime p‰ivin‰ pahentunut?,valinta ,Kyll‰,,Onko p‰‰ns‰rky jatkuvaa vai ajoittaista vai aaltomaista?,valinta ,P‰‰ns‰rky on jatkuvaa,,"Kuinka kova kipu pahimmillaan on? Kipuasteikko VAS 1-10, jossa 1=ei juuri kipua lainkaan vrt 10=pahin mahdollinen siet‰m‰tˆn kipu",ligert,,"4-6 vrk ajan ollut pahenevaa jatkuvaa p‰‰ns‰rky‰, pahimmillaan VAS __ .",,,,,,,,,,,,,,,,,
,,,,,,,,,,,,,,,P‰‰ns‰rky on aaltoilevaa,,"Kuinka kova kipu pahimmillaan on? Kipuasteikko VAS 1-10, jossa 1=ei juuri kipua lainkaan vrt 10=pahin mahdollinen siet‰m‰tˆn kipu",vapaateksti,,"4-6 vrk ajan ollut pahenevaa aaltoilevaa p‰‰ns‰rky‰, pahimmillaan VAS __ .",,,,,,,,,,,,,,,,,
,,,,,,,,,,,,,,,P‰‰ns‰rky on ajoittaista ,,"Kuinka kova kipu pahimmillaan on? Kipuasteikko VAS 1-10, jossa 1=ei juuri kipua lainkaan vrt 10=pahin mahdollinen siet‰m‰tˆn kipu",ligert,,"4-6 vrk ajan ollut pahenevaa ajoittaista p‰‰ns‰rky‰, pahimmillaan VAS __ .",,,,,,,,,,,,,,,,,
,,,,,,,,,,,Ei,,Onko p‰‰ns‰rky jatkuvaa vai ajoittaista vai aaltomaista?,valinta ,P‰‰ns‰rky on jatkuvaa,,"Kuinka kova kipu pahimmillaan on? Kipuasteikko VAS 1-10, jossa 1=ei juuri kipua lainkaan vrt 10=pahin mahdollinen siet‰m‰tˆn kipu",ligert,,"4-6 vrk ajan ollut jatkuvaa p‰‰ns‰rky‰, pahimmillaan VAS __ .",,,,,,,,,,,,,,,,,
,,,,,,,,,,,,,,,P‰‰ns‰rky on aaltoilevaa,,"Kuinka kova kipu pahimmillaan on? Kipuasteikko VAS 1-10, jossa 1=ei juuri kipua lainkaan vrt 10=pahin mahdollinen siet‰m‰tˆn kipu",vapaateksti,,"4-6 vrk ajan ollut aaltoilevaa p‰‰ns‰rky‰, pahimmillaan VAS __ .",,,,,,,,,,,,,,,,,
,,,,,,,,,,,,,,,P‰‰ns‰rky on ajoittaista ,,"Kuinka kova kipu pahimmillaan on? Kipuasteikko VAS 1-10, jossa 1=ei juuri kipua lainkaan vrt 10=pahin mahdollinen siet‰m‰tˆn kipu",ligert,,"4-6 vrk ajan ollut ajoittaista p‰‰ns‰rky‰, pahimmillaan VAS __ .",,,,,,,,,,,,,,,,,
,,,,,,,Minulla on ollut p‰‰ns‰rky‰ 1-2 viikon ajan.,,Onko p‰‰ns‰rky viime p‰ivin‰ pahentunut?,valinta ,Kyll‰,,Onko p‰‰ns‰rky jatkuvaa vai ajoittaista vai aaltomaista?,valinta ,P‰‰ns‰rky on jatkuvaa,,"Kuinka kova kipu pahimmillaan on? Kipuasteikko VAS 1-10, jossa 1=ei juuri kipua lainkaan vrt 10=pahin mahdollinen siet‰m‰tˆn kipu",ligert,,"1-2 viikon ajan ollut pahenevaa jatkuvaa p‰‰ns‰rky‰, pahimmillaan VAS __ .",,,,,,,,,,,,,,,,,
,,,,,,,,,,,,,,,P‰‰ns‰rky on aaltoilevaa,,"Kuinka kova p‰‰ns‰rky on pienimmill‰‰n ja pahimmillaan? kipuasteikko VAS 1-10, jossa 1=ei juuri kipua lainkaan vrt 10=pahin mahdollinen siet‰m‰tˆn kipu. Esim. vastaus: 2-8",vapaateksti,,"1-2 viikon ajan ollut pahenevaa aaltoilevaa p‰‰ns‰rky‰, pahimmillaan VAS __ .",,,,,,,,,,,,,,,,,
,,,,,,,,,,,,,,,P‰‰ns‰rky on ajoittaista ,,"Kuinka kova kipu pahimmillaan on? Kipuasteikko VAS 1-10, jossa 1=ei juuri kipua lainkaan vrt 10=pahin mahdollinen siet‰m‰tˆn kipu",ligert,,"1-2 viikon ajan ollut pahenevaa ajoittaista p‰‰ns‰rky‰, pahimmillaan VAS __ .",,,,,,,,,,,,,,,,,
,,,,,,,,,,,Ei,,Onko p‰‰ns‰rky jatkuvaa vai ajoittaista vai aaltomaista?,valinta ,P‰‰ns‰rky on jatkuvaa,,"Kuinka kova kipu pahimmillaan on? Kipuasteikko VAS 1-10, jossa 1=ei juuri kipua lainkaan vrt 10=pahin mahdollinen siet‰m‰tˆn kipu",ligert,,"1-2 viikon ajan ollut jatkuvaa p‰‰ns‰rky‰, pahimmillaan VAS __ .",,,,,,,,,,,,,,,,,
,,,,,,,,,,,,,,,P‰‰ns‰rky on aaltoilevaa,,"Kuinka kova p‰‰ns‰rky on pienimmill‰‰n ja pahimmillaan? kipuasteikko VAS 1-10, jossa 1=ei juuri kipua lainkaan vrt 10=pahin mahdollinen siet‰m‰tˆn kipu. Esim. vastaus: 2-8",vapaateksti,,"1-2 viikon ajan ollut aaltoilevaa p‰‰ns‰rky‰, pahimmillaan VAS __ .",,,,,,,,,,,,,,,,,
,,,,,,,,,,,,,,,P‰‰ns‰rky on ajoittaista ,,"Kuinka kova kipu pahimmillaan on? Kipuasteikko VAS 1-10, jossa 1=ei juuri kipua lainkaan vrt 10=pahin mahdollinen siet‰m‰tˆn kipu",ligert,,"1-2 viikon ajan ollut ajoittaista p‰‰ns‰rky‰, pahimmillaan VAS __ .",,,,,,,,,,,,,,,,,
,,,,,,,Minulla on ollut p‰‰ns‰rky‰ yli 2 viikon ajan.,,Onko p‰‰ns‰rky viime p‰ivin‰ pahentunut?,valinta ,Kyll‰,,Onko p‰‰ns‰rky jatkuvaa vai ajoittaista vai aaltomaista?,valinta ,P‰‰ns‰rky on jatkuvaa,,"Kuinka kova kipu pahimmillaan on? Kipuasteikko VAS 1-10, jossa 1=ei juuri kipua lainkaan vrt 10=pahin mahdollinen siet‰m‰tˆn kipu",ligert,,"Yli 2 viikon ajan ollut pahenevaa jatkuvaa p‰‰ns‰rky‰, pahimmillaan VAS __ .",,,,,,,,,,,,,,,,,
,,,,,,,,,,,,,,,P‰‰ns‰rky on aaltoilevaa,,"Kuinka kova p‰‰ns‰rky on pienimmill‰‰n ja pahimmillaan? kipuasteikko VAS 1-10, jossa 1=ei juuri kipua lainkaan vrt 10=pahin mahdollinen siet‰m‰tˆn kipu. Esim. vastaus: 2-8",vapaateksti,,"Yli 2 viikon ajan ollut pahenevaa aaltoilevaa p‰‰ns‰rky‰, pahimmillaan VAS __ .",,,,,,,,,,,,,,,,,
,,,,,,,,,,,,,,,P‰‰ns‰rky on ajoittaista ,,"Kuinka kova kipu pahimmillaan on? Kipuasteikko VAS 1-10, jossa 1=ei juuri kipua lainkaan vrt 10=pahin mahdollinen siet‰m‰tˆn kipu",ligert,,"Yli 2 viikon ajan ollut pahenevaa ajoittaista p‰‰ns‰rky‰, pahimmillaan VAS __ .",,,,,,,,,,,,,,,,,
,,,,,,,,,,,Ei,,Onko p‰‰ns‰rky jatkuvaa vai ajoittaista vai aaltomaista?,valinta ,P‰‰ns‰rky on jatkuvaa,,"Kuinka kova kipu pahimmillaan on? Kipuasteikko VAS 1-10, jossa 1=ei juuri kipua lainkaan vrt 10=pahin mahdollinen siet‰m‰tˆn kipu",ligert,,"Yli 2 viikon ajan ollut jatkuvaa p‰‰ns‰rky‰, pahimmillaan VAS __ .",,,,,,,,,,,,,,,,,
,,,,,,,,,,,,,,,P‰‰ns‰rky on aaltoilevaa,,"Kuinka kova p‰‰ns‰rky on pienimmill‰‰n ja pahimmillaan? kipuasteikko VAS 1-10, jossa 1=ei juuri kipua lainkaan vrt 10=pahin mahdollinen siet‰m‰tˆn kipu. Esim. vastaus: 2-8",vapaateksti,,"Yli 2 viikon ajan ollut aaltoilevaa p‰‰ns‰rky‰, pahimmillaan VAS __ .",,,,,,,,,,,,,,,,,
,,,,,,,,,,,,,,,P‰‰ns‰rky on ajoittaista ,,"Kuinka kova kipu pahimmillaan on? Kipuasteikko VAS 1-10, jossa 1=ei juuri kipua lainkaan vrt 10=pahin mahdollinen siet‰m‰tˆn kipu",ligert,,"Yli 2 viikon ajan ollut ajoittaista p‰‰ns‰rky‰, pahimmillaan VAS __ .",,,,,,,,,,,,,,,,,
,,,Ei,Ei ole p‰‰ns‰rky‰.,,,,,,,,,,,,,,,,,,,,,,,,,,,,,,,,,
,Onko sinulla kipua kaulan alueella?,Valinta ,Kyll‰,Kipua on kaulan alueella.,,,,,,,,,,,,,,,,,,,,,,,,,,,,,,,,,
,,,Ei,,,,,,,,,,,,,,,,,,,,,,,,,,,,,,,,,,
,Onko sinulla selv‰‰ niskaj‰ykyytt‰?,Valinta ,Kyll‰,Niskaj‰ykkyytt‰.,,,,,,,,,,,,,,,,,,,,,,,,,,,,,,,,,
,,,Ei,Ei selv‰‰ niskaj‰ykkyytt‰.,,,,,,,,,,,,,,,,,,,,,,,,,,,,,,,,,
,Onko sinulla hengenahdistusta?,Valinta ,Kyll‰,,Milloin hengenahdistus on alkanut?,valinta,Hengenahdistus on alkanut t‰n‰‰n,T‰n‰‰n on alkanut hengenahdistus.,,,,,,,,,,,,,,,,,,,,,,,,,,,,,
,,,,,,,Hengenahdistusta on ollut 1-3 vrk ajan,,Valitse seuraavista parhaiten sopiva vaihtoehto,valinta,Hengenahdistus on helpottamassa,"1-3 vrk ajan ollut hengenahdistusta, joka on helpottamassa.",,,,,,,,,,,,,,,,,,,,,,,,,
,,,,,,,,,,,Hengenahdistus on pysynyt samanlaisena,1-3 vrk ajan ollut tasaista hengenahdistusta.,,,,,,,,,,,,,,,,,,,,,,,,,
,,,,,,,,,,,Hengenahdistus on pahenemassa,1-3 vrk ajan ollut pahenevaa hengenahdistusta.,,,,,,,,,,,,,,,,,,,,,,,,,
,,,,,,,Hengenahdistusta on ollut 4-6 vrk ajan,,Valitse seuraavista parhaiten sopiva vaihtoehto,valinta,Hengenahdistus on helpottamassa,"4-6 vrk ajan ollut hengenahdistusta, joka on helpottamassa.",,,,,,,,,,,,,,,,,,,,,,,,,
,,,,,,,,,,,Hengenahdistus on pysynyt samanlaisena,4-6 vrk ajan ollut tasaista hengenahdistusta.,,,,,,,,,,,,,,,,,,,,,,,,,
,,,,,,,,,,,Hengenahdistus on pahenemassa,4-6 vrk ajan ollut pahenevaa hengenahdistusta.,,,,,,,,,,,,,,,,,,,,,,,,,
,,,,,,,Hengenahdistusta on ollut 1-2 vko ajan,,Valitse seuraavista parhaiten sopiva vaihtoehto,valinta,Hengenahdistus on helpottamassa,"1-2 vko ajan ollut hengenahdistusta, joka on helpottamassa.",,,,,,,,,,,,,,,,,,,,,,,,,
,,,,,,,,,,,Hengenahdistus on pysynyt samanlaisena,1-2 vko ajan ollut tasaista hengenahdistusta.,,,,,,,,,,,,,,,,,,,,,,,,,
,,,,,,,,,,,Hengenahdistus on pahenemassa,1-2 vko ajan ollut pahenevaa hengenahdistusta.,,,,,,,,,,,,,,,,,,,,,,,,,
,,,,,,,Hengenahdistusta on ollut yli 2 vko ajan,,Valitse seuraavista parhaiten sopiva vaihtoehto,valinta,Hengenahdistus on helpottamassa,"Yli 2 vko ajan ollut hengenahdistusta, joka on helpottamassa.",,,,,,,,,,,,,,,,,,,,,,,,,
,,,,,,,,,,,Hengenahdistus on pysynyt samanlaisena,Yli 2 vko ajan ollut tasaista hengenahdistusta.,,,,,,,,,,,,,,,,,,,,,,,,,
,,,,,,,,,,,Hengenahdistus on pahenemassa,Yli 2 vko ajan ollut pahenevaa hengenahdistusta.,,,,,,,,,,,,,,,,,,,,,,,,,
,,,Ei,Ei hengenahdistusta.,,,,,,,,,,,,,,,,,,,,,,,,,,,,,,,,,
,,,En osaa sanoa,,Heng‰stytkˆ normaalia herkemmin rasituksessa?,valinta,Kyll‰,"Ei osaa sanoa onko hengenahdistusta, mutta heng‰styy normaalia herkemmin rasituksessa.",,,,,,,,,,,,,,,,,,,,,,,,,,,,,
,,,,,,,Ei,"Ei osaa sanoa onko hengenahdistusta, ei kuitenkaan heng‰sty normaalia herkemmin rasituksessa.",,,,,,,,,,,,,,,,,,,,,,,,,,,,,
,Onko sinulla ollut rintakipua?,Valinta ,Kyll‰,,Kuinka kauan rintakipua on ollut?,valinta,Rintakipu on alkanut t‰n‰‰n,"T‰n‰‰n alkanut rintakipu, ",,,,,,,,,,,,,,,,,,,,,,,,,,,,,
,,,,,,,Rintakipua on ollut 1-3 vrk ajan,,Onko rintakipu pahentunut?,valinta,Kyll‰,,Onko rintakipusi jatkuvaa vai ajoittaista vai aaltoimaista?,valinta,Rintakipu on jatkuvaa,"1-3 vrk ajan ollut pahenevaa jatkuvaa rintakipua,",,,,,,,,,,,,,,,,,,,,,
,,,,,,,,,,,,,,,Rintakipu on aaltoilevaa ,"1-3 vrk ajan ollut pahenevaa aaltoilevaa rintakipua,",,,,,,,,,,,,,,,,,,,,,
,,,,,,,,,,,,,,,Rintakipu on ajoittaista,"1-3 vrk ajan ollut pahenevaa ajoittaista rintakipua,",,,,,,,,,,,,,,,,,,,,,
,,,,,,,,,,,Ei,,Valitse seuraavista sopivin vaihtoehto,valinta,Rintakipu on jatkuvaa,"1-3 vrk ajan ollut jatkuvaa rintakipua,",,,,,,,,,,,,,,,,,,,,,
,,,,,,,,,,,,,,,Rintakipu on aaltoilevaa ,"1-3 vrk ajan ollut aaltoilevaa rintakipua,",,,,,,,,,,,,,,,,,,,,,
,,,,,,,,,,,,,,,Rintakipu on ajoittaista,"1-3 vrk ajan ollut ajoittaista rintakipua,",,,,,,,,,,,,,,,,,,,,,
,,,,,,,Rintakipua on ollut 4-6 vrk ajan,,Onko rintakipu pahentunut?,valinta,Kyll‰,,Valitse seuraavista sopivin vaihtoehto,valinta,Rintakipu on jatkuvaa,"4-6 vrk ajan ollut pahenevaa jatkuvaa rintakipua,",,,,,,,,,,,,,,,,,,,,,
,,,,,,,,,,,,,,,Rintakipu on aaltoilevaa ,"4-6 vrk ajan ollut pahenevaa aaltoilevaa rintakipua,",,,,,,,,,,,,,,,,,,,,,
,,,,,,,,,,,,,,,Rintakipu on ajoittaista,"4-6 vrk ajan ollut pahenevaa ajoittaista rintakipua,",,,,,,,,,,,,,,,,,,,,,
,,,,,,,,,,,Ei,,Valitse seuraavista sopivin vaihtoehto,valinta,Rintakipu on jatkuvaa,"4-6 vrk ajan ollut jatkuvaa rintakipua,",,,,,,,,,,,,,,,,,,,,,
,,,,,,,,,,,,,,,Rintakipu on aaltoilevaa ,"4-6 vrk ajan ollut aaltoilevaa rintakipua,",,,,,,,,,,,,,,,,,,,,,
,,,,,,,,,,,,,,,Rintakipu on ajoittaista,"4-6 vrk ajan ollut ajoittaista rintakipua,",,,,,,,,,,,,,,,,,,,,,
,,,,,,,Rintakipua on ollut 1-2 vko ajan,,Onko rintakipu pahentunut?,valinta,Kyll‰,,Valitse seuraavista sopivin vaihtoehto,valinta,Rintakipu on jatkuvaa,"1-2 vko ajan ollut pahenevaa jatkuvaa rintakipua,",,,,,,,,,,,,,,,,,,,,,
,,,,,,,,,,,,,,,Rintakipu on aaltoilevaa ,"1-2 vko ajan ollut pahenevaa aaltoilevaa rintakipua,",,,,,,,,,,,,,,,,,,,,,
,,,,,,,,,,,,,,,Rintakipu on ajoittaista,"1-2 vko ajan ollut pahenevaa ajoittaista rintakipua,",,,,,,,,,,,,,,,,,,,,,
,,,,,,,,,,,Ei,,Valitse seuraavista sopivin vaihtoehto,valinta,Rintakipu on jatkuvaa,"1-2 vko ajan ollut jatkuvaa rintakipua,",,,,,,,,,,,,,,,,,,,,,
,,,,,,,,,,,,,,,Rintakipu on aaltoilevaa ,"1-2 vko ajan ollut aaltoilevaa rintakipua,",,,,,,,,,,,,,,,,,,,,,
,,,,,,,,,,,,,,,Rintakipu on ajoittaista,"1-2 vko ajan ollut ajoittaista rintakipua,",,,,,,,,,,,,,,,,,,,,,
,,,,,,,Rintakipua on ollut yli 2 vko ajan,,Onko rintakipu pahentunut?,valinta,Kyll‰,,Valitse seuraavista sopivin vaihtoehto,valinta,Rintakipu on jatkuvaa,"Yli 2 vko ajan ollut pahenevaa jatkuvaa rintakipua,",,,,,,,,,,,,,,,,,,,,,
,,,,,,,,,,,,,,,Rintakipu on aaltoilevaa ,"Yli 2 vko ajan ollut pahenevaa aaltoilevaa rintakipua,",,,,,,,,,,,,,,,,,,,,,
,,,,,,,,,,,,,,,Rintakipu on ajoittaista,"Yli 2 vko ajan ollut pahenevaa ajoittaista rintakipua,",,,,,,,,,,,,,,,,,,,,,
,,,,,,,,,,,Ei,,Valitse seuraavista sopivin vaihtoehto,valinta,Rintakipu on jatkuvaa,"Yli 2 vko ajan ollut jatkuvaa rintakipua,",,,,,,,,,,,,,,,,,,,,,
,,,,,,,,,,,,,,,Rintakipu on aaltoilevaa ,"Yli 2 vko ajan ollut aaltoilevaa rintakipua,",,,,,,,,,,,,,,,,,,,,,
,,,,,,,,,,,,,,,Rintakipu on ajoittaista,"Yli 2 vko ajan ollut ajoittaista rintakipua,",,,,,,,,,,,,,,,,,,,,,
,,,Ei,Ei rintakipua.,,,,,,,,,,,,,,,,,,,,,,,,,,,,,,,,,
,,,En osaa sanoa,Ei osaa sanoa onko rintakipua.,,,,,,,,,,,,,,,,,,,,,,,,,,,,,,,,,
,Onko sinulla pahoinvointia?,Valinta ,Kyll‰,Pahoinvointia.,,,,,,,,,,,,,,,,,,,,,,,,,,,,,,,,,
,,,Ei,Ei pahoinvointia.,,,,,,,,,,,,,,,,,,,,,,,,,,,,,,,,,
,Oletko nyt oksentanut?,valinta,Kyll‰,,Kuinka kauan sinulla on ollut oksentelua?,valinta,Oksentelu on alkanut minulla t‰n‰‰n.,,Kuinka monta kertaa olet nyt oksentanut?,valinta,1-2 kertaa,"T‰n‰‰n alkanut oksentelu, oksentanut 1-2 kertaa.",,,,,,,,,,,,,,,,,,,,,,,,,
,,,,,,,,,,,3-5 kertaa,"T‰n‰‰n alkanut oksentelu, oksentanut 3-5 kertaa.",,,,,,,,,,,,,,,,,,,,,,,,,
,,,,,,,,,,,yli 5 kertaa,"T‰n‰‰n alkanut oksentelu, oksentanut yli 5 kertaa.",,,,,,,,,,,,,,,,,,,,,,,,,
,,,,,,,Minulla on ollut oksentelua 1-3 vrk ajan.,,Kuinka monta kertaa viimeisen vuorokauden sis‰ll‰ olet oksentanut?,valinta,1-2 kertaa,"1-3 vrk ajan ollut oksentelua, viimeisen vrk aikana oksentanut 1-2 kertaa.",,,,,,,,,,,,,,,,,,,,,,,,,
,,,,,,,,,,,3-5 kertaa,"1-3 vrk ajan ollut oksentelua, viimeisen vrk aikana oksentanut 3-5 kertaa.",,,,,,,,,,,,,,,,,,,,,,,,,
,,,,,,,,,,,yli 5 kertaa,"1-3 vrk ajan ollut oksentelua, viimeisen vrk aikana oksentanut yli 5 kertaa.",,,,,,,,,,,,,,,,,,,,,,,,,
,,,,,,,Minulla on ollut oksentelua 4-6 vrk ajan.,,Valitse seuraavista sopivin vaihtoehto.,valinta,Oksentelu on p‰ivitt‰ist‰.,,Onko oksentelu pahentunut?,valinta,Kyll‰,,Kuinka monta kertaa viimeisen vuorokauden sis‰ll‰ olet oksentanut?,valinta,1-2 kertaa,"4-6 vrk ajan ollut p‰ivitt‰ist‰ pahenevaa oksentelua, viimeisen vrk aikana oksentanut 1-2 kertaa.",,,,,,,,,,,,,,,,,
,,,,,,,,,,,,,,,,,,,3-5 kertaa,"4-6 vrk ajan ollut p‰ivitt‰ist‰ pahenevaa oksentelua, viimeisen vrk aikana oksentanut 3-5 kertaa.",,,,,,,,,,,,,,,,,
,,,,,,,,,,,,,,,,,,,yli 5 kertaa,"4-6 vrk ajan ollut p‰ivitt‰ist‰ pahenevaa oksentelua, viimeisen vrk aikana oksentanut yli 5 kertaa.",,,,,,,,,,,,,,,,,
,,,,,,,,,,,,,,,Ei,,Kuinka monta kertaa viimeisen vuorokauden sis‰ll‰ olet oksentanut?,valinta,1-2 kertaa,"4-6 vrk ajan ollut p‰ivitt‰ist‰ oksentelua, viimeisen vrk aikana oksentanut 1-2 kertaa.",,,,,,,,,,,,,,,,,
,,,,,,,,,,,,,,,,,,,3-5 kertaa,"4-6 vrk ajan ollut p‰ivitt‰ist‰ oksentelua, viimeisen vrk aikana oksentanut 3-5 kertaa.",,,,,,,,,,,,,,,,,
,,,,,,,,,,,,,,,,,,,yli 5 kertaa,"4-6 vrk ajan ollut p‰ivitt‰ist‰ oksentelua, viimeisen vrk aikana oksentanut yli 5 kertaa.",,,,,,,,,,,,,,,,,
,,,,,,,,,,,Oksentelu on ajoittaista.,,Kuinka monta kertaa viimeisen vuorokauden sis‰ll‰ olet oksentanut?,valinta,1-2 kertaa,"4-6 vrk ajan ollut ajoittaista oksentelua, viimeisen vrk aikana oksentanut 1-2 kertaa.",,,,,,,,,,,,,,,,,,,,,
,,,,,,,,,,,,,,,3-5 kertaa,"4-6 vrk ajan ollut ajoittaista oksentelua, viimeisen vrk aikana oksentanut 3-5 kertaa.",,,,,,,,,,,,,,,,,,,,,
,,,,,,,,,,,,,,,yli 5 kertaa,"4-6 vrk ajan ollut ajoittaista oksentelua, viimeisen vrk aikana oksentanut yli 5 kertaa.",,,,,,,,,,,,,,,,,,,,,
,,,,,,,Minulla on ollut oksentelua 1-2 viikon ajan.,,Valitse seuraavista sopivin vaihtoehto.,valinta,Oksentelu on p‰ivitt‰ist‰.,,Onko oksentelu pahentunut?,valinta,Kyll‰,,Kuinka monta kertaa viimeisen vuorokauden sis‰ll‰ olet oksentanut?,valinta,1-2 kertaa,"1-2 viikon ajan ollut p‰ivitt‰ist‰, pahenevaa oksentelua, viimeisen vrk aikana oksentanut 1-2 kertaa.",,,,,,,,,,,,,,,,,
,,,,,,,,,,,,,,,,,,,3-5 kertaa,"1-2 viikon ajan ollut p‰ivitt‰ist‰, pahenevaa oksentelua, viimeisen vrk aikana oksentanut 3-5 kertaa.",,,,,,,,,,,,,,,,,
,,,,,,,,,,,,,,,,,,,yli 5 kertaa,"1-2 viikon ajan ollut p‰ivitt‰ist‰, pahenevaa  oksentelua, viimeisen vrk aikana oksentanut yli 5 kertaa.",,,,,,,,,,,,,,,,,
,,,,,,,,,,,,,,,Ei,,Kuinka monta kertaa viimeisen vuorokauden sis‰ll‰ olet oksentanut?,valinta,1-2 kertaa,"1-2 viikon ajan ollut p‰ivitt‰ist‰ oksentelua, viimeisen vrk aikana oksentanut 1-2 kertaa.",,,,,,,,,,,,,,,,,
,,,,,,,,,,,,,,,,,,,3-5 kertaa,"1-2 viikon ajan ollut p‰ivitt‰ist‰ oksentelua, viimeisen vrk aikana oksentanut 3-5 kertaa.",,,,,,,,,,,,,,,,,
,,,,,,,,,,,,,,,,,,,yli 5 kertaa,"1-2 viikon ajan ollut p‰ivitt‰ist‰ oksentelua, viimeisen vrk aikana oksentanut yli 5 kertaa.",,,,,,,,,,,,,,,,,
,,,,,,,,,,,Oksentelu on ajoittaista.,,Onko oksentelu pahentunut?,valinta,Kyll‰,,Kuinka monta kertaa viimeisen vuorokauden sis‰ll‰ olet oksentanut?,valinta,1-2 kertaa,"1-2 viikon ajan ollut ajoittaista, pahenevaa oksentelua, viimeisen vrk aikana oksentanut 1-2 kertaa.",,,,,,,,,,,,,,,,,
,,,,,,,,,,,,,,,,,,,3-5 kertaa,"1-2 viikon ajan ollut ajoittaista, pahenevaa oksentelua, viimeisen vrk aikana oksentanut 3-5 kertaa.",,,,,,,,,,,,,,,,,
,,,,,,,,,,,,,,,,,,,yli 5 kertaa,"1-2 viikon ajan ollut ajoittaista, pahenevaa oksentelua, viimeisen vrk aikana oksentanut yli 5 kertaa.",,,,,,,,,,,,,,,,,
,,,,,,,,,,,,,,,Ei,,Kuinka monta kertaa viimeisen vuorokauden sis‰ll‰ olet oksentanut?,valinta,1-2 kertaa,"1-2 viikon ajan ollut ajoittaista oksentelua, viimeisen vrk aikana oksentanut 1-2 kertaa.",,,,,,,,,,,,,,,,,
,,,,,,,,,,,,,,,,,,,3-5 kertaa,"1-2 viikon ajan ollut ajoittaista oksentelua, viimeisen vrk aikana oksentanut 3-5 kertaa.",,,,,,,,,,,,,,,,,
,,,,,,,,,,,,,,,,,,,yli 5 kertaa,"1-2 viikon ajan ollut ajoittaista oksentelua, viimeisen vrk aikana oksentanut yli 5 kertaa.",,,,,,,,,,,,,,,,,
,,,,,,,Minulla on ollut oksentelua 2 viikon - 1kk ajan.,,Valitse seuraavista sopivin vaihtoehto.,valinta,Oksentelu on p‰ivitt‰ist‰.,,Onko oksentelu pahentunut?,valinta,Kyll‰,,Kuinka monta kertaa viimeisen vuorokauden sis‰ll‰ olet oksentanut?,valinta,1-2 kertaa,"2 viikon - 1 kk ajan ollut p‰ivitt‰ist‰, pahenevaa oksentelua, viimeisen vrk aikana oksentanut 1-2 kertaa.",,,,,,,,,,,,,,,,,
,,,,,,,,,,,,,,,,,,,3-5 kertaa,"2 viikon - 1 kk ajan ollut p‰ivitt‰ist‰, pahenevaa oksentelua, viimeisen vrk aikana oksentanut 3-5 kertaa.",,,,,,,,,,,,,,,,,
,,,,,,,,,,,,,,,,,,,yli 5 kertaa,"2 viikon - 1 kk ajan ollut p‰ivitt‰ist‰, pahenevaa oksentelua, viimeisen vrk aikana oksentanut yli 5 kertaa.",,,,,,,,,,,,,,,,,
,,,,,,,,,,,,,,,Ei,,Kuinka monta kertaa viimeisen vuorokauden sis‰ll‰ olet oksentanut?,valinta,1-2 kertaa,"2 viikon - 1 kk ajan ollut p‰ivitt‰ist‰ oksentelua, viimeisen vrk aikana oksentanut 1-2 kertaa.",,,,,,,,,,,,,,,,,
,,,,,,,,,,,,,,,,,,,3-5 kertaa,"2 viikon - 1 kk ajan ollut p‰ivitt‰ist‰ oksentelua, viimeisen vrk aikana oksentanut 3-5 kertaa.",,,,,,,,,,,,,,,,,
,,,,,,,,,,,,,,,,,,,yli 5 kertaa,"2 viikon - 1 kk ajan ollut p‰ivitt‰ist‰ oksentelua, viimeisen vrk aikana oksentanut yli 5 kertaa.",,,,,,,,,,,,,,,,,
,,,,,,,,,,,Oksentelu on ajoittaista.,,Onko oksentelu pahentunut?,valinta,Kyll‰,,Kuinka monta kertaa viimeisen vuorokauden sis‰ll‰ olet oksentanut?,valinta,1-2 kertaa,"2 viikon - 1 kk ajan ollut ajoittaista, pahenevaa oksentelua, viimeisen vrk aikana oksentanut 1-2 kertaa.",,,,,,,,,,,,,,,,,
,,,,,,,,,,,,,,,,,,,3-5 kertaa,"2 viikon - 1 kk ajan ollut ajoittaista, pahenevaa oksentelua, viimeisen vrk aikana oksentanut 3-5 kertaa.",,,,,,,,,,,,,,,,,
,,,,,,,,,,,,,,,,,,,yli 5 kertaa,"2 viikon - 1 kk ajan ollut ajoittaista, pahenevaa oksentelua, viimeisen vrk aikana oksentanut yli 5 kertaa.",,,,,,,,,,,,,,,,,
,,,,,,,,,,,,,,,Ei,,Kuinka monta kertaa viimeisen vuorokauden sis‰ll‰ olet oksentanut?,valinta,1-2 kertaa,"2 viikon - 1 kk ajan ollut ajoittaista oksentelua, viimeisen vrk aikana oksentanut 1-2 kertaa.",,,,,,,,,,,,,,,,,
,,,,,,,,,,,,,,,,,,,3-5 kertaa,"2 viikon - 1 kk ajan ollut ajoittaista oksentelua, viimeisen vrk aikana oksentanut 3-5 kertaa.",,,,,,,,,,,,,,,,,
,,,,,,,,,,,,,,,,,,,yli 5 kertaa,"2 viikon - 1 kk ajan ollut ajoittaista oksentelua, viimeisen vrk aikana oksentanut yli 5 kertaa.",,,,,,,,,,,,,,,,,
,,,,,,,Minulla on ollut oksentelua yli kuukauden ajan.,,Valitse seuraavista sopivin vaihtoehto.,valinta,Oksentelu on p‰ivitt‰ist‰.,,Onko oksentelu pahentunut?,valinta,Kyll‰,,Kuinka monta kertaa viimeisen vuorokauden sis‰ll‰ olet oksentanut?,valinta,1-2 kertaa,"Yli 1 kk ajan ollut p‰ivitt‰ist‰, pahenevaa oksentelua, viimeisen vrk aikana oksentanut 1-2 kertaa.",,,,,,,,,,,,,,,,,
,,,,,,,,,,,,,,,,,,,3-5 kertaa,"Yli 1 kk ajan ollut p‰ivitt‰ist‰, pahenevaa oksentelua, viimeisen vrk aikana oksentanut 3-5 kertaa.",,,,,,,,,,,,,,,,,
,,,,,,,,,,,,,,,,,,,yli 5 kertaa,"Yli 1 kk ajan ollut p‰ivitt‰ist‰, pahenevaa oksentelua, viimeisen vrk aikana oksentanut yli 5 kertaa.",,,,,,,,,,,,,,,,,
,,,,,,,,,,,,,,,Ei,,Kuinka monta kertaa viimeisen vuorokauden sis‰ll‰ olet oksentanut?,valinta,1-2 kertaa,"Yli 1 kk ajan ollut p‰ivitt‰ist‰ oksentelua, viimeisen vrk aikana oksentanut 1-2 kertaa.",,,,,,,,,,,,,,,,,
,,,,,,,,,,,,,,,,,,,3-5 kertaa,"Yli 1 kk ajan ollut p‰ivitt‰ist‰ oksentelua, viimeisen vrk aikana oksentanut 3-5 kertaa.",,,,,,,,,,,,,,,,,
,,,,,,,,,,,,,,,,,,,yli 5 kertaa,"Yli 1 kk ajan ollut p‰ivitt‰ist‰ oksentelua, viimeisen vrk aikana oksentanut yli 5 kertaa.",,,,,,,,,,,,,,,,,
,,,,,,,,,,,Oksentelu on ajoittaista.,,Onko oksentelu pahentunut?,valinta,Kyll‰,,Kuinka monta kertaa viimeisen vuorokauden sis‰ll‰ olet oksentanut?,valinta,1-2 kertaa,"Yli 1 kk ajan ollut ajoittaista, pahenevaa oksentelua, viimeisen vrk aikana oksentanut 1-2 kertaa.",,,,,,,,,,,,,,,,,
,,,,,,,,,,,,,,,,,,,3-5 kertaa,"Yli 1 kk ajan ollut ajoittaista, pahenevaa oksentelua, viimeisen vrk aikana oksentanut 3-5 kertaa.",,,,,,,,,,,,,,,,,
,,,,,,,,,,,,,,,,,,,yli 5 kertaa,"Yli 1 kk ajan ollut ajoittaista, pahenevaa oksentelua, viimeisen vrk aikana oksentanut yli 5 kertaa.",,,,,,,,,,,,,,,,,
,,,,,,,,,,,,,,,Ei,,Kuinka monta kertaa viimeisen vuorokauden sis‰ll‰ olet oksentanut?,valinta,1-2 kertaa,"Yli 1 kk ajan ollut ajoittaista oksentelua, viimeisen vrk aikana oksentanut 1-2 kertaa.",,,,,,,,,,,,,,,,,
,,,,,,,,,,,,,,,,,,,3-5 kertaa,"Yli 1 kk ajan ollut ajoittaista oksentelua, viimeisen vrk aikana oksentanut 3-5 kertaa.",,,,,,,,,,,,,,,,,
,,,,,,,,,,,,,,,,,,,yli 5 kertaa,"Yli 1 kk ajan ollut ajoittaista oksentelua, viimeisen vrk aikana oksentanut yli 5 kertaa.",,,,,,,,,,,,,,,,,
,,,Ei,Ei oksentelua.,,,,,,,,,,,,,,,,,,,,,,,,,,,,,,,,,
,"Onko sinulla nyt kuumetta yli 37,5 astetta?",valinta ,Kyll‰,,Siirtyy kuumepuustoon,,,,,,,,,,,,,,,,,,,,,,,,,,,,,,,,
,,,Ei,L‰mpˆ ollut alle 37.5 astetta.,,,,,,,,,,,,,,,,,,,,,,,,,,,,,,,,,
,,,,,,,,,,,,,,,,,,,,,,,,,,,,,,,,,,,,,
,,,,,,,,,,,,,,,,,,,,,,,,,,,,,,,,,,,,,
,,,,,,,,,,,,,,,,,,,,,,,,,,,,,,,,,,,,,
,,,,,,,,,,,,,,,,,,,,,,,,,,,,,,,,,,,,,
,,,,,,,,,,,,,,,,,,,,,,,,,,,,,,,,,,,,,
,,,,,,,,,,,,,,,,,,,,,,,,,,,,,,,,,,,,,
,,,,,,,,,,,,,,,,,,,,,,,,,,,,,,,,,,,,,
,,,,,,,,,,,,,,,,,,,,,,,,,,,,,,,,,,,,,
,,,,,,,,,,,,,,,,,,,,,,,,,,,,,,,,,,,,,
,,,,,,,,,,,,,,,,,,,,,,,,,,,,,,,,,,,,,
,,,,,,,,,,,,,,,,,,,,,,,,,,,,,,,,,,,,,
,,,,,,,,,,,,,,,,,,,,,,,,,,,,,,,,,,,,,
,,,,,,,,,,,,,,,,,,,,,,,,,,,,,,,,,,,,,
,,,,,,,,,,,,,,,,,,,,,,,,,,,,,,,,,,,,,
,,,,,,,,,,,,,,,,,,,,,,,,,,,,,,,,,,,,,
,,,,,,,,,,,,,,,,,,,,,,,,,,,,,,,,,,,,,
,,,,,,,,,,,,,,,,,,,,,,,,,,,,,,,,,,,,,
,,,,,,,,,,,,,,,,,,,,,,,,,,,,,,,,,,,,,
,,,,,,,,,,,,,,,,,,,,,,,,,,,,,,,,,,,,,
,,,,,,,,,,,,,,,,,,,,,,,,,,,,,,,,,,,,,
,,,,,,,,,,,,,,,,,,,,,,,,,,,,,,,,,,,,,
,,,,,,,,,,,,,,,,,,,,,,,,,,,,,,,,,,,,,
,,,,,,,,,,,,,,,,,,,,,,,,,,,,,,,,,,,,,
,,,,,,,,,,,,,,,,,,,,,,,,,,,,,,,,,,,,,
,,,,,,,,,,,,,,,,,,,,,,,,,,,,,,,,,,,,,
,,,,,,,,,,,,,,,,,,,,,,,,,,,,,,,,,,,,,
,,,,,,,,,,,,,,,,,,,,,,,,,,,,,,,,,,,,,
,,,,,,,,,,,,,,,,,,,,,,,,,,,,,,,,,,,,,
,,,,,,,,,,,,,,,,,,,,,,,,,,,,,,,,,,,,,
,,,,,,,,,,,,,,,,,,,,,,,,,,,,,,,,,,,,,
,,,,,,,,,,,,,,,,,,,,,,,,,,,,,,,,,,,,,
,,,,,,,,,,,,,,,,,,,,,,,,,,,,,,,,,,,,,
,,,,,,,,,,,,,,,,,,,,,,,,,,,,,,,,,,,,,
,,,,,,,,,,,,,,,,,,,,,,,,,,,,,,,,,,,,,
,,,,,,,,,,,,,,,,,,,,,,,,,,,,,,,,,,,,,
,,,,,,,,,,,,,,,,,,,,,,,,,,,,,,,,,,,,,
,,,,,,,,,,,,,,,,,,,,,,,,,,,,,,,,,,,,,
,,,,,,,,,,,,,,,,,,,,,,,,,,,,,,,,,,,,,
,,,,,,,,,,,,,,,,,,,,,,,,,,,,,,,,,,,,,
,,,,,,,,,,,,,,,,,,,,,,,,,,,,,,,,,,,,,
,,,,,,,,,,,,,,,,,,,,,,,,,,,,,,,,,,,,,
,,,,,,,,,,,,,,,,,,,,,,,,,,,,,,,,,,,,,
,,,,,,,,,,,,,,,,,,,,,,,,,,,,,,,,,,,,,
,,,,,,,,,,,,,,,,,,,,,,,,,,,,,,,,,,,,,
,,,,,,,,,,,,,,,,,,,,,,,,,,,,,,,,,,,,,
,,,,,,,,,,,,,,,,,,,,,,,,,,,,,,,,,,,,,
,,,,,,,,,,,,,,,,,,,,,,,,,,,,,,,,,,,,,
,,,,,,,,,,,,,,,,,,,,,,,,,,,,,,,,,,,,,
,,,,,,,,,,,,,,,,,,,,,,,,,,,,,,,,,,,,,
,,,,,,,,,,,,,,,,,,,,,,,,,,,,,,,,,,,,,
,,,,,,,,,,,,,,,,,,,,,,,,,,,,,,,,,,,,,
,,,,,,,,,,,,,,,,,,,,,,,,,,,,,,,,,,,,,
,,,,,,,,,,,,,,,,,,,,,,,,,,,,,,,,,,,,,
,,,,,,,,,,,,,,,,,,,,,,,,,,,,,,,,,,,,,
,,,,,,,,,,,,,,,,,,,,,,,,,,,,,,,,,,,,,
,,,,,,,,,,,,,,,,,,,,,,,,,,,,,,,,,,,,,
,,,,,,,,,,,,,,,,,,,,,,,,,,,,,,,,,,,,,
,,,,,,,,,,,,,,,,,,,,,,,,,,,,,,,,,,,,,
,,,,,,,,,,,,,,,,,,,,,,,,,,,,,,,,,,,,,
,,,,,,,,,,,,,,,,,,,,,,,,,,,,,,,,,,,,,
,,,,,,,,,,,,,,,,,,,,,,,,,,,,,,,,,,,,,
,,,,,,,,,,,,,,,,,,,,,,,,,,,,,,,,,,,,,
,,,,,,,,,,,,,,,,,,,,,,,,,,,,,,,,,,,,,
,,,,,,,,,,,,,,,,,,,,,,,,,,,,,,,,,,,,,
,,,,,,,,,,,,,,,,,,,,,,,,,,,,,,,,,,,,,
,,,,,,,,,,,,,,,,,,,,,,,,,,,,,,,,,,,,,
,,,,,,,,,,,,,,,,,,,,,,,,,,,,,,,,,,,,,
,,,,,,,,,,,,,,,,,,,,,,,,,,,,,,,,,,,,,
,,,,,,,,,,,,,,,,,,,,,,,,,,,,,,,,,,,,,
,,,,,,,,,,,,,,,,,,,,,,,,,,,,,,,,,,,,,
,,,,,,,,,,,,,,,,,,,,,,,,,,,,,,,,,,,,,
,,,,,,,,,,,,,,,,,,,,,,,,,,,,,,,,,,,,,
,,,,,,,,,,,,,,,,,,,,,,,,,,,,,,,,,,,,,
,,,,,,,,,,,,,,,,,,,,,,,,,,,,,,,,,,,,,
,,,,,,,,,,,,,,,,,,,,,,,,,,,,,,,,,,,,,
,,,,,,,,,,,,,,,,,,,,,,,,,,,,,,,,,,,,,
,,,,,,,,,,,,,,,,,,,,,,,,,,,,,,,,,,,,,
,,,,,,,,,,,,,,,,,,,,,,,,,,,,,,,,,,,,,
,,,,,,,,,,,,,,,,,,,,,,,,,,,,,,,,,,,,,
,,,,,,,,,,,,,,,,,,,,,,,,,,,,,,,,,,,,,
,,,,,,,,,,,,,,,,,,,,,,,,,,,,,,,,,,,,,
,,,,,,,,,,,,,,,,,,,,,,,,,,,,,,,,,,,,,
,,,,,,,,,,,,,,,,,,,,,,,,,,,,,,,,,,,,,
,,,,,,,,,,,,,,,,,,,,,,,,,,,,,,,,,,,,,
,,,,,,,,,,,,,,,,,,,,,,,,,,,,,,,,,,,,,
,,,,,,,,,,,,,,,,,,,,,,,,,,,,,,,,,,,,,
,,,,,,,,,,,,,,,,,,,,,,,,,,,,,,,,,,,,,
,,,,,,,,,,,,,,,,,,,,,,,,,,,,,,,,,,,,,
,,,,,,,,,,,,,,,,,,,,,,,,,,,,,,,,,,,,,
,,,,,,,,,,,,,,,,,,,,,,,,,,,,,,,,,,,,,
,,,,,,,,,,,,,,,,,,,,,,,,,,,,,,,,,,,,,
,,,,,,,,,,,,,,,,,,,,,,,,,,,,,,,,,,,,,
,,,,,,,,,,,,,,,,,,,,,,,,,,,,,,,,,,,,,
,,,,,,,,,,,,,,,,,,,,,,,,,,,,,,,,,,,,,
,,,,,,,,,,,,,,,,,,,,,,,,,,,,,,,,,,,,,
,,,,,,,,,,,,,,,,,,,,,,,,,,,,,,,,,,,,,
,,,,,,,,,,,,,,,,,,,,,,,,,,,,,,,,,,,,,
,,,,,,,,,,,,,,,,,,,,,,,,,,,,,,,,,,,,,
,,,,,,,,,,,,,,,,,,,,,,,,,,,,,,,,,,,,,
,,,,,,,,,,,,,,,,,,,,,,,,,,,,,,,,,,,,,
,,,,,,,,,,,,,,,,,,,,,,,,,,,,,,,,,,,,,
,,,,,,,,,,,,,,,,,,,,,,,,,,,,,,,,,,,,,
,,,,,,,,,,,,,,,,,,,,,,,,,,,,,,,,,,,,,
,,,,,,,,,,,,,,,,,,,,,,,,,,,,,,,,,,,,,
,,,,,,,,,,,,,,,,,,,,,,,,,,,,,,,,,,,,,
,,,,,,,,,,,,,,,,,,,,,,,,,,,,,,,,,,,,,
,,,,,,,,,,,,,,,,,,,,,,,,,,,,,,,,,,,,,
,,,,,,,,,,,,,,,,,,,,,,,,,,,,,,,,,,,,,
,,,,,,,,,,,,,,,,,,,,,,,,,,,,,,,,,,,,,
,,,,,,,,,,,,,,,,,,,,,,,,,,,,,,,,,,,,,
,,,,,,,,,,,,,,,,,,,,,,,,,,,,,,,,,,,,,
,,,,,,,,,,,,,,,,,,,,,,,,,,,,,,,,,,,,,
,,,,,,,,,,,,,,,,,,,,,,,,,,,,,,,,,,,,,
,,,,,,,,,,,,,,,,,,,,,,,,,,,,,,,,,,,,,
,,,,,,,,,,,,,,,,,,,,,,,,,,,,,,,,,,,,,
,,,,,,,,,,,,,,,,,,,,,,,,,,,,,,,,,,,,,
,,,,,,,,,,,,,,,,,,,,,,,,,,,,,,,,,,,,,
,,,,,,,,,,,,,,,,,,,,,,,,,,,,,,,,,,,,,
,,,,,,,,,,,,,,,,,,,,,,,,,,,,,,,,,,,,,
,,,,,,,,,,,,,,,,,,,,,,,,,,,,,,,,,,,,,
,,,,,,,,,,,,,,,,,,,,,,,,,,,,,,,,,,,,,
,,,,,,,,,,,,,,,,,,,,,,,,,,,,,,,,,,,,,
,,,,,,,,,,,,,,,,,,,,,,,,,,,,,,,,,,,,,
,,,,,,,,,,,,,,,,,,,,,,,,,,,,,,,,,,,,,
,,,,,,,,,,,,,,,,,,,,,,,,,,,,,,,,,,,,,
,,,,,,,,,,,,,,,,,,,,,,,,,,,,,,,,,,,,,
,,,,,,,,,,,,,,,,,,,,,,,,,,,,,,,,,,,,,
,,,,,,,,,,,,,,,,,,,,,,,,,,,,,,,,,,,,,
,,,,,,,,,,,,,,,,,,,,,,,,,,,,,,,,,,,,,
,,,,,,,,,,,,,,,,,,,,,,,,,,,,,,,,,,,,,
,,,,,,,,,,,,,,,,,,,,,,,,,,,,,,,,,,,,,
,,,,,,,,,,,,,,,,,,,,,,,,,,,,,,,,,,,,,
,,,,,,,,,,,,,,,,,,,,,,,,,,,,,,,,,,,,,
,,,,,,,,,,,,,,,,,,,,,,,,,,,,,,,,,,,,,
,,,,,,,,,,,,,,,,,,,,,,,,,,,,,,,,,,,,,
,,,,,,,,,,,,,,,,,,,,,,,,,,,,,,,,,,,,,
,,,,,,,,,,,,,,,,,,,,,,,,,,,,,,,,,,,,,
,,,,,,,,,,,,,,,,,,,,,,,,,,,,,,,,,,,,,
,,,,,,,,,,,,,,,,,,,,,,,,,,,,,,,,,,,,,
,,,,,,,,,,,,,,,,,,,,,,,,,,,,,,,,,,,,,
,,,,,,,,,,,,,,,,,,,,,,,,,,,,,,,,,,,,,
,,,,,,,,,,,,,,,,,,,,,,,,,,,,,,,,,,,,,
,,,,,,,,,,,,,,,,,,,,,,,,,,,,,,,,,,,,,
,,,,,,,,,,,,,,,,,,,,,,,,,,,,,,,,,,,,,
,,,,,,,,,,,,,,,,,,,,,,,,,,,,,,,,,,,,,
,,,,,,,,,,,,,,,,,,,,,,,,,,,,,,,,,,,,,
,,,,,,,,,,,,,,,,,,,,,,,,,,,,,,,,,,,,,
,,,,,,,,,,,,,,,,,,,,,,,,,,,,,,,,,,,,,
,,,,,,,,,,,,,,,,,,,,,,,,,,,,,,,,,,,,,
,,,,,,,,,,,,,,,,,,,,,,,,,,,,,,,,,,,,,
,,,,,,,,,,,,,,,,,,,,,,,,,,,,,,,,,,,,,
,,,,,,,,,,,,,,,,,,,,,,,,,,,,,,,,,,,,,
,,,,,,,,,,,,,,,,,,,,,,,,,,,,,,,,,,,,,
,,,,,,,,,,,,,,,,,,,,,,,,,,,,,,,,,,,,,
,,,,,,,,,,,,,,,,,,,,,,,,,,,,,,,,,,,,,
,,,,,,,,,,,,,,,,,,,,,,,,,,,,,,,,,,,,,
,,,,,,,,,,,,,,,,,,,,,,,,,,,,,,,,,,,,,
,,,,,,,,,,,,,,,,,,,,,,,,,,,,,,,,,,,,,
,,,,,,,,,,,,,,,,,,,,,,,,,,,,,,,,,,,,,
,,,,,,,,,,,,,,,,,,,,,,,,,,,,,,,,,,,,,
,,,,,,,,,,,,,,,,,,,,,,,,,,,,,,,,,,,,,
,,,,,,,,,,,,,,,,,,,,,,,,,,,,,,,,,,,,,
,,,,,,,,,,,,,,,,,,,,,,,,,,,,,,,,,,,,,
,,,,,,,,,,,,,,,,,,,,,,,,,,,,,,,,,,,,,
,,,,,,,,,,,,,,,,,,,,,,,,,,,,,,,,,,,,,
,,,,,,,,,,,,,,,,,,,,,,,,,,,,,,,,,,,,,
,,,,,,,,,,,,,,,,,,,,,,,,,,,,,,,,,,,,,
,,,,,,,,,,,,,,,,,,,,,,,,,,,,,,,,,,,,,
,,,,,,,,,,,,,,,,,,,,,,,,,,,,,,,,,,,,,
,,,,,,,,,,,,,,,,,,,,,,,,,,,,,,,,,,,,,
,,,,,,,,,,,,,,,,,,,,,,,,,,,,,,,,,,,,,
,,,,,,,,,,,,,,,,,,,,,,,,,,,,,,,,,,,,,
,,,,,,,,,,,,,,,,,,,,,,,,,,,,,,,,,,,,,
,,,,,,,,,,,,,,,,,,,,,,,,,,,,,,,,,,,,,
,,,,,,,,,,,,,,,,,,,,,,,,,,,,,,,,,,,,,
,,,,,,,,,,,,,,,,,,,,,,,,,,,,,,,,,,,,,
,,,,,,,,,,,,,,,,,,,,,,,,,,,,,,,,,,,,,
,,,,,,,,,,,,,,,,,,,,,,,,,,,,,,,,,,,,,
,,,,,,,,,,,,,,,,,,,,,,,,,,,,,,,,,,,,,
,,,,,,,,,,,,,,,,,,,,,,,,,,,,,,,,,,,,,
,,,,,,,,,,,,,,,,,,,,,,,,,,,,,,,,,,,,,
,,,,,,,,,,,,,,,,,,,,,,,,,,,,,,,,,,,,,
,,,,,,,,,,,,,,,,,,,,,,,,,,,,,,,,,,,,,
,,,,,,,,,,,,,,,,,,,,,,,,,,,,,,,,,,,,,
,,,,,,,,,,,,,,,,,,,,,,,,,,,,,,,,,,,,,
,,,,,,,,,,,,,,,,,,,,,,,,,,,,,,,,,,,,,
,,,,,,,,,,,,,,,,,,,,,,,,,,,,,,,,,,,,,
,,,,,,,,,,,,,,,,,,,,,,,,,,,,,,,,,,,,,
,,,,,,,,,,,,,,,,,,,,,,,,,,,,,,,,,,,,,
,,,,,,,,,,,,,,,,,,,,,,,,,,,,,,,,,,,,,
,,,,,,,,,,,,,,,,,,,,,,,,,,,,,,,,,,,,,
,,,,,,,,,,,,,,,,,,,,,,,,,,,,,,,,,,,,,
,,,,,,,,,,,,,,,,,,,,,,,,,,,,,,,,,,,,,
,,,,,,,,,,,,,,,,,,,,,,,,,,,,,,,,,,,,,
,,,,,,,,,,,,,,,,,,,,,,,,,,,,,,,,,,,,,
,,,,,,,,,,,,,,,,,,,,,,,,,,,,,,,,,,,,,
,,,,,,,,,,,,,,,,,,,,,,,,,,,,,,,,,,,,,
,,,,,,,,,,,,,,,,,,,,,,,,,,,,,,,,,,,,,
,,,,,,,,,,,,,,,,,,,,,,,,,,,,,,,,,,,,,
,,,,,,,,,,,,,,,,,,,,,,,,,,,,,,,,,,,,,
,,,,,,,,,,,,,,,,,,,,,,,,,,,,,,,,,,,,,
,,,,,,,,,,,,,,,,,,,,,,,,,,,,,,,,,,,,,
,,,,,,,,,,,,,,,,,,,,,,,,,,,,,,,,,,,,,
,,,,,,,,,,,,,,,,,,,,,,,,,,,,,,,,,,,,,
,,,,,,,,,,,,,,,,,,,,,,,,,,,,,,,,,,,,,
,,,,,,,,,,,,,,,,,,,,,,,,,,,,,,,,,,,,,
,,,,,,,,,,,,,,,,,,,,,,,,,,,,,,,,,,,,,
,,,,,,,,,,,,,,,,,,,,,,,,,,,,,,,,,,,,,
,,,,,,,,,,,,,,,,,,,,,,,,,,,,,,,,,,,,,
,,,,,,,,,,,,,,,,,,,,,,,,,,,,,,,,,,,,,
,,,,,,,,,,,,,,,,,,,,,,,,,,,,,,,,,,,,,
,,,,,,,,,,,,,,,,,,,,,,,,,,,,,,,,,,,,,
,,,,,,,,,,,,,,,,,,,,,,,,,,,,,,,,,,,,,
,,,,,,,,,,,,,,,,,,,,,,,,,,,,,,,,,,,,,
,,,,,,,,,,,,,,,,,,,,,,,,,,,,,,,,,,,,,
,,,,,,,,,,,,,,,,,,,,,,,,,,,,,,,,,,,,,
,,,,,,,,,,,,,,,,,,,,,,,,,,,,,,,,,,,,,
,,,,,,,,,,,,,,,,,,,,,,,,,,,,,,,,,,,,,
,,,,,,,,,,,,,,,,,,,,,,,,,,,,,,,,,,,,,
,,,,,,,,,,,,,,,,,,,,,,,,,,,,,,,,,,,,,
,,,,,,,,,,,,,,,,,,,,,,,,,,,,,,,,,,,,,
,,,,,,,,,,,,,,,,,,,,,,,,,,,,,,,,,,,,,
,,,,,,,,,,,,,,,,,,,,,,,,,,,,,,,,,,,,,
,,,,,,,,,,,,,,,,,,,,,,,,,,,,,,,,,,,,,
,,,,,,,,,,,,,,,,,,,,,,,,,,,,,,,,,,,,,
,,,,,,,,,,,,,,,,,,,,,,,,,,,,,,,,,,,,,
,,,,,,,,,,,,,,,,,,,,,,,,,,,,,,,,,,,,,
,,,,,,,,,,,,,,,,,,,,,,,,,,,,,,,,,,,,,
,,,,,,,,,,,,,,,,,,,,,,,,,,,,,,,,,,,,,
,,,,,,,,,,,,,,,,,,,,,,,,,,,,,,,,,,,,,
,,,,,,,,,,,,,,,,,,,,,,,,,,,,,,,,,,,,,
,,,,,,,,,,,,,,,,,,,,,,,,,,,,,,,,,,,,,
,,,,,,,,,,,,,,,,,,,,,,,,,,,,,,,,,,,,,
,,,,,,,,,,,,,,,,,,,,,,,,,,,,,,,,,,,,,
,,,,,,,,,,,,,,,,,,,,,,,,,,,,,,,,,,,,,
,,,,,,,,,,,,,,,,,,,,,,,,,,,,,,,,,,,,,
,,,,,,,,,,,,,,,,,,,,,,,,,,,,,,,,,,,,,
,,,,,,,,,,,,,,,,,,,,,,,,,,,,,,,,,,,,,
,,,,,,,,,,,,,,,,,,,,,,,,,,,,,,,,,,,,,
,,,,,,,,,,,,,,,,,,,,,,,,,,,,,,,,,,,,,
,,,,,,,,,,,,,,,,,,,,,,,,,,,,,,,,,,,,,
,,,,,,,,,,,,,,,,,,,,,,,,,,,,,,,,,,,,,
,,,,,,,,,,,,,,,,,,,,,,,,,,,,,,,,,,,,,
,,,,,,,,,,,,,,,,,,,,,,,,,,,,,,,,,,,,,
,,,,,,,,,,,,,,,,,,,,,,,,,,,,,,,,,,,,,
,,,,,,,,,,,,,,,,,,,,,,,,,,,,,,,,,,,,,
,,,,,,,,,,,,,,,,,,,,,,,,,,,,,,,,,,,,,
,,,,,,,,,,,,,,,,,,,,,,,,,,,,,,,,,,,,,
,,,,,,,,,,,,,,,,,,,,,,,,,,,,,,,,,,,,,
,,,,,,,,,,,,,,,,,,,,,,,,,,,,,,,,,,,,,
,,,,,,,,,,,,,,,,,,,,,,,,,,,,,,,,,,,,,
,,,,,,,,,,,,,,,,,,,,,,,,,,,,,,,,,,,,,
,,,,,,,,,,,,,,,,,,,,,,,,,,,,,,,,,,,,,
,,,,,,,,,,,,,,,,,,,,,,,,,,,,,,,,,,,,,
,,,,,,,,,,,,,,,,,,,,,,,,,,,,,,,,,,,,,
,,,,,,,,,,,,,,,,,,,,,,,,,,,,,,,,,,,,,
,,,,,,,,,,,,,,,,,,,,,,,,,,,,,,,,,,,,,
,,,,,,,,,,,,,,,,,,,,,,,,,,,,,,,,,,,,,
,,,,,,,,,,,,,,,,,,,,,,,,,,,,,,,,,,,,,
,,,,,,,,,,,,,,,,,,,,,,,,,,,,,,,,,,,,,
,,,,,,,,,,,,,,,,,,,,,,,,,,,,,,,,,,,,,
,,,,,,,,,,,,,,,,,,,,,,,,,,,,,,,,,,,,,
,,,,,,,,,,,,,,,,,,,,,,,,,,,,,,,,,,,,,
,,,,,,,,,,,,,,,,,,,,,,,,,,,,,,,,,,,,,
,,,,,,,,,,,,,,,,,,,,,,,,,,,,,,,,,,,,,
,,,,,,,,,,,,,,,,,,,,,,,,,,,,,,,,,,,,,
,,,,,,,,,,,,,,,,,,,,,,,,,,,,,,,,,,,,,
,,,,,,,,,,,,,,,,,,,,,,,,,,,,,,,,,,,,,
,,,,,,,,,,,,,,,,,,,,,,,,,,,,,,,,,,,,,
,,,,,,,,,,,,,,,,,,,,,,,,,,,,,,,,,,,,,
,,,,,,,,,,,,,,,,,,,,,,,,,,,,,,,,,,,,,
,,,,,,,,,,,,,,,,,,,,,,,,,,,,,,,,,,,,,
,,,,,,,,,,,,,,,,,,,,,,,,,,,,,,,,,,,,,
,,,,,,,,,,,,,,,,,,,,,,,,,,,,,,,,,,,,,
,,,,,,,,,,,,,,,,,,,,,,,,,,,,,,,,,,,,,
,,,,,,,,,,,,,,,,,,,,,,,,,,,,,,,,,,,,,
,,,,,,,,,,,,,,,,,,,,,,,,,,,,,,,,,,,,,
,,,,,,,,,,,,,,,,,,,,,,,,,,,,,,,,,,,,,
,,,,,,,,,,,,,,,,,,,,,,,,,,,,,,,,,,,,,
,,,,,,,,,,,,,,,,,,,,,,,,,,,,,,,,,,,,,
,,,,,,,,,,,,,,,,,,,,,,,,,,,,,,,,,,,,,
,,,,,,,,,,,,,,,,,,,,,,,,,,,,,,,,,,,,,
,,,,,,,,,,,,,,,,,,,,,,,,,,,,,,,,,,,,,
,,,,,,,,,,,,,,,,,,,,,,,,,,,,,,,,,,,,,
,,,,,,,,,,,,,,,,,,,,,,,,,,,,,,,,,,,,,
,,,,,,,,,,,,,,,,,,,,,,,,,,,,,,,,,,,,,
,,,,,,,,,,,,,,,,,,,,,,,,,,,,,,,,,,,,,
,,,,,,,,,,,,,,,,,,,,,,,,,,,,,,,,,,,,,
,,,,,,,,,,,,,,,,,,,,,,,,,,,,,,,,,,,,,
,,,,,,,,,,,,,,,,,,,,,,,,,,,,,,,,,,,,,
,,,,,,,,,,,,,,,,,,,,,,,,,,,,,,,,,,,,,
,,,,,,,,,,,,,,,,,,,,,,,,,,,,,,,,,,,,,
,,,,,,,,,,,,,,,,,,,,,,,,,,,,,,,,,,,,,
,,,,,,,,,,,,,,,,,,,,,,,,,,,,,,,,,,,,,
,,,,,,,,,,,,,,,,,,,,,,,,,,,,,,,,,,,,,
,,,,,,,,,,,,,,,,,,,,,,,,,,,,,,,,,,,,,
,,,,,,,,,,,,,,,,,,,,,,,,,,,,,,,,,,,,,
,,,,,,,,,,,,,,,,,,,,,,,,,,,,,,,,,,,,,
,,,,,,,,,,,,,,,,,,,,,,,,,,,,,,,,,,,,,
,,,,,,,,,,,,,,,,,,,,,,,,,,,,,,,,,,,,,
,,,,,,,,,,,,,,,,,,,,,,,,,,,,,,,,,,,,,
,,,,,,,,,,,,,,,,,,,,,,,,,,,,,,,,,,,,,
,,,,,,,,,,,,,,,,,,,,,,,,,,,,,,,,,,,,,
,,,,,,,,,,,,,,,,,,,,,,,,,,,,,,,,,,,,,
,,,,,,,,,,,,,,,,,,,,,,,,,,,,,,,,,,,,,
,,,,,,,,,,,,,,,,,,,,,,,,,,,,,,,,,,,,,
,,,,,,,,,,,,,,,,,,,,,,,,,,,,,,,,,,,,,
,,,,,,,,,,,,,,,,,,,,,,,,,,,,,,,,,,,,,
,,,,,,,,,,,,,,,,,,,,,,,,,,,,,,,,,,,,,
,,,,,,,,,,,,,,,,,,,,,,,,,,,,,,,,,,,,,
,,,,,,,,,,,,,,,,,,,,,,,,,,,,,,,,,,,,,
,,,,,,,,,,,,,,,,,,,,,,,,,,,,,,,,,,,,,
,,,,,,,,,,,,,,,,,,,,,,,,,,,,,,,,,,,,,
,,,,,,,,,,,,,,,,,,,,,,,,,,,,,,,,,,,,,
,,,,,,,,,,,,,,,,,,,,,,,,,,,,,,,,,,,,,
,,,,,,,,,,,,,,,,,,,,,,,,,,,,,,,,,,,,,
,,,,,,,,,,,,,,,,,,,,,,,,,,,,,,,,,,,,,
,,,,,,,,,,,,,,,,,,,,,,,,,,,,,,,,,,,,,
,,,,,,,,,,,,,,,,,,,,,,,,,,,,,,,,,,,,,
,,,,,,,,,,,,,,,,,,,,,,,,,,,,,,,,,,,,,
,,,,,,,,,,,,,,,,,,,,,,,,,,,,,,,,,,,,,
,,,,,,,,,,,,,,,,,,,,,,,,,,,,,,,,,,,,,
,,,,,,,,,,,,,,,,,,,,,,,,,,,,,,,,,,,,,
,,,,,,,,,,,,,,,,,,,,,,,,,,,,,,,,,,,,,
,,,,,,,,,,,,,,,,,,,,,,,,,,,,,,,,,,,,,
,,,,,,,,,,,,,,,,,,,,,,,,,,,,,,,,,,,,,
,,,,,,,,,,,,,,,,,,,,,,,,,,,,,,,,,,,,,
,,,,,,,,,,,,,,,,,,,,,,,,,,,,,,,,,,,,,
,,,,,,,,,,,,,,,,,,,,,,,,,,,,,,,,,,,,,
,,,,,,,,,,,,,,,,,,,,,,,,,,,,,,,,,,,,,
,,,,,,,,,,,,,,,,,,,,,,,,,,,,,,,,,,,,,
,,,,,,,,,,,,,,,,,,,,,,,,,,,,,,,,,,,,,
,,,,,,,,,,,,,,,,,,,,,,,,,,,,,,,,,,,,,
,,,,,,,,,,,,,,,,,,,,,,,,,,,,,,,,,,,,,
,,,,,,,,,,,,,,,,,,,,,,,,,,,,,,,,,,,,,
,,,,,,,,,,,,,,,,,,,,,,,,,,,,,,,,,,,,,
,,,,,,,,,,,,,,,,,,,,,,,,,,,,,,,,,,,,,
,,,,,,,,,,,,,,,,,,,,,,,,,,,,,,,,,,,,,
,,,,,,,,,,,,,,,,,,,,,,,,,,,,,,,,,,,,,
,,,,,,,,,,,,,,,,,,,,,,,,,,,,,,,,,,,,,
,,,,,,,,,,,,,,,,,,,,,,,,,,,,,,,,,,,,,
,,,,,,,,,,,,,,,,,,,,,,,,,,,,,,,,,,,,,
,,,,,,,,,,,,,,,,,,,,,,,,,,,,,,,,,,,,,
,,,,,,,,,,,,,,,,,,,,,,,,,,,,,,,,,,,,,
,,,,,,,,,,,,,,,,,,,,,,,,,,,,,,,,,,,,,
,,,,,,,,,,,,,,,,,,,,,,,,,,,,,,,,,,,,,
,,,,,,,,,,,,,,,,,,,,,,,,,,,,,,,,,,,,,
,,,,,,,,,,,,,,,,,,,,,,,,,,,,,,,,,,,,,
,,,,,,,,,,,,,,,,,,,,,,,,,,,,,,,,,,,,,
,,,,,,,,,,,,,,,,,,,,,,,,,,,,,,,,,,,,,
,,,,,,,,,,,,,,,,,,,,,,,,,,,,,,,,,,,,,
,,,,,,,,,,,,,,,,,,,,,,,,,,,,,,,,,,,,,
,,,,,,,,,,,,,,,,,,,,,,,,,,,,,,,,,,,,,
,,,,,,,,,,,,,,,,,,,,,,,,,,,,,,,,,,,,,
,,,,,,,,,,,,,,,,,,,,,,,,,,,,,,,,,,,,,
,,,,,,,,,,,,,,,,,,,,,,,,,,,,,,,,,,,,,
,,,,,,,,,,,,,,,,,,,,,,,,,,,,,,,,,,,,,
,,,,,,,,,,,,,,,,,,,,,,,,,,,,,,,,,,,,,
,,,,,,,,,,,,,,,,,,,,,,,,,,,,,,,,,,,,,
,,,,,,,,,,,,,,,,,,,,,,,,,,,,,,,,,,,,,
,,,,,,,,,,,,,,,,,,,,,,,,,,,,,,,,,,,,,
,,,,,,,,,,,,,,,,,,,,,,,,,,,,,,,,,,,,,
,,,,,,,,,,,,,,,,,,,,,,,,,,,,,,,,,,,,,
,,,,,,,,,,,,,,,,,,,,,,,,,,,,,,,,,,,,,
,,,,,,,,,,,,,,,,,,,,,,,,,,,,,,,,,,,,,
,,,,,,,,,,,,,,,,,,,,,,,,,,,,,,,,,,,,,
,,,,,,,,,,,,,,,,,,,,,,,,,,,,,,,,,,,,,
,,,,,,,,,,,,,,,,,,,,,,,,,,,,,,,,,,,,,
,,,,,,,,,,,,,,,,,,,,,,,,,,,,,,,,,,,,,
,,,,,,,,,,,,,,,,,,,,,,,,,,,,,,,,,,,,,
,,,,,,,,,,,,,,,,,,,,,,,,,,,,,,,,,,,,,
,,,,,,,,,,,,,,,,,,,,,,,,,,,,,,,,,,,,,
,,,,,,,,,,,,,,,,,,,,,,,,,,,,,,,,,,,,,
,,,,,,,,,,,,,,,,,,,,,,,,,,,,,,,,,,,,,
,,,,,,,,,,,,,,,,,,,,,,,,,,,,,,,,,,,,,
,,,,,,,,,,,,,,,,,,,,,,,,,,,,,,,,,,,,,
,,,,,,,,,,,,,,,,,,,,,,,,,,,,,,,,,,,,,
,,,,,,,,,,,,,,,,,,,,,,,,,,,,,,,,,,,,,
,,,,,,,,,,,,,,,,,,,,,,,,,,,,,,,,,,,,,
,,,,,,,,,,,,,,,,,,,,,,,,,,,,,,,,,,,,,
,,,,,,,,,,,,,,,,,,,,,,,,,,,,,,,,,,,,,
,,,,,,,,,,,,,,,,,,,,,,,,,,,,,,,,,,,,,
,,,,,,,,,,,,,,,,,,,,,,,,,,,,,,,,,,,,,
,,,,,,,,,,,,,,,,,,,,,,,,,,,,,,,,,,,,,
,,,,,,,,,,,,,,,,,,,,,,,,,,,,,,,,,,,,,
,,,,,,,,,,,,,,,,,,,,,,,,,,,,,,,,,,,,,
,,,,,,,,,,,,,,,,,,,,,,,,,,,,,,,,,,,,,
,,,,,,,,,,,,,,,,,,,,,,,,,,,,,,,,,,,,,
,,,,,,,,,,,,,,,,,,,,,,,,,,,,,,,,,,,,,
,,,,,,,,,,,,,,,,,,,,,,,,,,,,,,,,,,,,,
,,,,,,,,,,,,,,,,,,,,,,,,,,,,,,,,,,,,,
,,,,,,,,,,,,,,,,,,,,,,,,,,,,,,,,,,,,,
,,,,,,,,,,,,,,,,,,,,,,,,,,,,,,,,,,,,,
,,,,,,,,,,,,,,,,,,,,,,,,,,,,,,,,,,,,,
,,,,,,,,,,,,,,,,,,,,,,,,,,,,,,,,,,,,,
,,,,,,,,,,,,,,,,,,,,,,,,,,,,,,,,,,,,,
,,,,,,,,,,,,,,,,,,,,,,,,,,,,,,,,,,,,,
,,,,,,,,,,,,,,,,,,,,,,,,,,,,,,,,,,,,,
,,,,,,,,,,,,,,,,,,,,,,,,,,,,,,,,,,,,,
,,,,,,,,,,,,,,,,,,,,,,,,,,,,,,,,,,,,,
,,,,,,,,,,,,,,,,,,,,,,,,,,,,,,,,,,,,,
,,,,,,,,,,,,,,,,,,,,,,,,,,,,,,,,,,,,,
,,,,,,,,,,,,,,,,,,,,,,,,,,,,,,,,,,,,,
,,,,,,,,,,,,,,,,,,,,,,,,,,,,,,,,,,,,,
,,,,,,,,,,,,,,,,,,,,,,,,,,,,,,,,,,,,,
,,,,,,,,,,,,,,,,,,,,,,,,,,,,,,,,,,,,,
,,,,,,,,,,,,,,,,,,,,,,,,,,,,,,,,,,,,,
,,,,,,,,,,,,,,,,,,,,,,,,,,,,,,,,,,,,,
,,,,,,,,,,,,,,,,,,,,,,,,,,,,,,,,,,,,,
,,,,,,,,,,,,,,,,,,,,,,,,,,,,,,,,,,,,,
,,,,,,,,,,,,,,,,,,,,,,,,,,,,,,,,,,,,,
,,,,,,,,,,,,,,,,,,,,,,,,,,,,,,,,,,,,,
,,,,,,,,,,,,,,,,,,,,,,,,,,,,,,,,,,,,,
,,,,,,,,,,,,,,,,,,,,,,,,,,,,,,,,,,,,,
,,,,,,,,,,,,,,,,,,,,,,,,,,,,,,,,,,,,,
,,,,,,,,,,,,,,,,,,,,,,,,,,,,,,,,,,,,,
,,,,,,,,,,,,,,,,,,,,,,,,,,,,,,,,,,,,,
,,,,,,,,,,,,,,,,,,,,,,,,,,,,,,,,,,,,,
,,,,,,,,,,,,,,,,,,,,,,,,,,,,,,,,,,,,,
,,,,,,,,,,,,,,,,,,,,,,,,,,,,,,,,,,,,,
,,,,,,,,,,,,,,,,,,,,,,,,,,,,,,,,,,,,,
,,,,,,,,,,,,,,,,,,,,,,,,,,,,,,,,,,,,,
,,,,,,,,,,,,,,,,,,,,,,,,,,,,,,,,,,,,,
,,,,,,,,,,,,,,,,,,,,,,,,,,,,,,,,,,,,,
,,,,,,,,,,,,,,,,,,,,,,,,,,,,,,,,,,,,,
,,,,,,,,,,,,,,,,,,,,,,,,,,,,,,,,,,,,,
,,,,,,,,,,,,,,,,,,,,,,,,,,,,,,,,,,,,,
,,,,,,,,,,,,,,,,,,,,,,,,,,,,,,,,,,,,,
,,,,,,,,,,,,,,,,,,,,,,,,,,,,,,,,,,,,,
,,,,,,,,,,,,,,,,,,,,,,,,,,,,,,,,,,,,,
,,,,,,,,,,,,,,,,,,,,,,,,,,,,,,,,,,,,,
,,,,,,,,,,,,,,,,,,,,,,,,,,,,,,,,,,,,,
,,,,,,,,,,,,,,,,,,,,,,,,,,,,,,,,,,,,,
,,,,,,,,,,,,,,,,,,,,,,,,,,,,,,,,,,,,,
,,,,,,,,,,,,,,,,,,,,,,,,,,,,,,,,,,,,,
,,,,,,,,,,,,,,,,,,,,,,,,,,,,,,,,,,,,,
,,,,,,,,,,,,,,,,,,,,,,,,,,,,,,,,,,,,,
,,,,,,,,,,,,,,,,,,,,,,,,,,,,,,,,,,,,,
,,,,,,,,,,,,,,,,,,,,,,,,,,,,,,,,,,,,,
,,,,,,,,,,,,,,,,,,,,,,,,,,,,,,,,,,,,,
,,,,,,,,,,,,,,,,,,,,,,,,,,,,,,,,,,,,,
,,,,,,,,,,,,,,,,,,,,,,,,,,,,,,,,,,,,,
,,,,,,,,,,,,,,,,,,,,,,,,,,,,,,,,,,,,,
,,,,,,,,,,,,,,,,,,,,,,,,,,,,,,,,,,,,,
,,,,,,,,,,,,,,,,,,,,,,,,,,,,,,,,,,,,,
,,,,,,,,,,,,,,,,,,,,,,,,,,,,,,,,,,,,,
,,,,,,,,,,,,,,,,,,,,,,,,,,,,,,,,,,,,,
,,,,,,,,,,,,,,,,,,,,,,,,,,,,,,,,,,,,,
,,,,,,,,,,,,,,,,,,,,,,,,,,,,,,,,,,,,,
,,,,,,,,,,,,,,,,,,,,,,,,,,,,,,,,,,,,,
,,,,,,,,,,,,,,,,,,,,,,,,,,,,,,,,,,,,,
,,,,,,,,,,,,,,,,,,,,,,,,,,,,,,,,,,,,,
,,,,,,,,,,,,,,,,,,,,,,,,,,,,,,,,,,,,,
,,,,,,,,,,,,,,,,,,,,,,,,,,,,,,,,,,,,,
,,,,,,,,,,,,,,,,,,,,,,,,,,,,,,,,,,,,,
,,,,,,,,,,,,,,,,,,,,,,,,,,,,,,,,,,,,,
,,,,,,,,,,,,,,,,,,,,,,,,,,,,,,,,,,,,,
,,,,,,,,,,,,,,,,,,,,,,,,,,,,,,,,,,,,,
,,,,,,,,,,,,,,,,,,,,,,,,,,,,,,,,,,,,,
,,,,,,,,,,,,,,,,,,,,,,,,,,,,,,,,,,,,,
,,,,,,,,,,,,,,,,,,,,,,,,,,,,,,,,,,,,,
,,,,,,,,,,,,,,,,,,,,,,,,,,,,,,,,,,,,,
,,,,,,,,,,,,,,,,,,,,,,,,,,,,,,,,,,,,,
,,,,,,,,,,,,,,,,,,,,,,,,,,,,,,,,,,,,,
,,,,,,,,,,,,,,,,,,,,,,,,,,,,,,,,,,,,,
,,,,,,,,,,,,,,,,,,,,,,,,,,,,,,,,,,,,,
,,,,,,,,,,,,,,,,,,,,,,,,,,,,,,,,,,,,,
,,,,,,,,,,,,,,,,,,,,,,,,,,,,,,,,,,,,,
,,,,,,,,,,,,,,,,,,,,,,,,,,,,,,,,,,,,,
,,,,,,,,,,,,,,,,,,,,,,,,,,,,,,,,,,,,,
,,,,,,,,,,,,,,,,,,,,,,,,,,,,,,,,,,,,,
,,,,,,,,,,,,,,,,,,,,,,,,,,,,,,,,,,,,,
,,,,,,,,,,,,,,,,,,,,,,,,,,,,,,,,,,,,,
,,,,,,,,,,,,,,,,,,,,,,,,,,,,,,,,,,,,,
,,,,,,,,,,,,,,,,,,,,,,,,,,,,,,,,,,,,,
,,,,,,,,,,,,,,,,,,,,,,,,,,,,,,,,,,,,,
,,,,,,,,,,,,,,,,,,,,,,,,,,,,,,,,,,,,,
,,,,,,,,,,,,,,,,,,,,,,,,,,,,,,,,,,,,,
,,,,,,,,,,,,,,,,,,,,,,,,,,,,,,,,,,,,,
,,,,,,,,,,,,,,,,,,,,,,,,,,,,,,,,,,,,,
,,,,,,,,,,,,,,,,,,,,,,,,,,,,,,,,,,,,,
,,,,,,,,,,,,,,,,,,,,,,,,,,,,,,,,,,,,,
,,,,,,,,,,,,,,,,,,,,,,,,,,,,,,,,,,,,,
,,,,,,,,,,,,,,,,,,,,,,,,,,,,,,,,,,,,,
,,,,,,,,,,,,,,,,,,,,,,,,,,,,,,,,,,,,,
,,,,,,,,,,,,,,,,,,,,,,,,,,,,,,,,,,,,,
,,,,,,,,,,,,,,,,,,,,,,,,,,,,,,,,,,,,,
,,,,,,,,,,,,,,,,,,,,,,,,,,,,,,,,,,,,,
,,,,,,,,,,,,,,,,,,,,,,,,,,,,,,,,,,,,,
,,,,,,,,,,,,,,,,,,,,,,,,,,,,,,,,,,,,,
,,,,,,,,,,,,,,,,,,,,,,,,,,,,,,,,,,,,,
,,,,,,,,,,,,,,,,,,,,,,,,,,,,,,,,,,,,,
,,,,,,,,,,,,,,,,,,,,,,,,,,,,,,,,,,,,,
,,,,,,,,,,,,,,,,,,,,,,,,,,,,,,,,,,,,,
,,,,,,,,,,,,,,,,,,,,,,,,,,,,,,,,,,,,,
,,,,,,,,,,,,,,,,,,,,,,,,,,,,,,,,,,,,,
,,,,,,,,,,,,,,,,,,,,,,,,,,,,,,,,,,,,,
,,,,,,,,,,,,,,,,,,,,,,,,,,,,,,,,,,,,,
,,,,,,,,,,,,,,,,,,,,,,,,,,,,,,,,,,,,,
,,,,,,,,,,,,,,,,,,,,,,,,,,,,,,,,,,,,,
,,,,,,,,,,,,,,,,,,,,,,,,,,,,,,,,,,,,,
,,,,,,,,,,,,,,,,,,,,,,,,,,,,,,,,,,,,,
,,,,,,,,,,,,,,,,,,,,,,,,,,,,,,,,,,,,,
,,,,,,,,,,,,,,,,,,,,,,,,,,,,,,,,,,,,,
,,,,,,,,,,,,,,,,,,,,,,,,,,,,,,,,,,,,,
,,,,,,,,,,,,,,,,,,,,,,,,,,,,,,,,,,,,,
,,,,,,,,,,,,,,,,,,,,,,,,,,,,,,,,,,,,,
,,,,,,,,,,,,,,,,,,,,,,,,,,,,,,,,,,,,,
,,,,,,,,,,,,,,,,,,,,,,,,,,,,,,,,,,,,,
,,,,,,,,,,,,,,,,,,,,,,,,,,,,,,,,,,,,,
,,,,,,,,,,,,,,,,,,,,,,,,,,,,,,,,,,,,,
,,,,,,,,,,,,,,,,,,,,,,,,,,,,,,,,,,,,,
,,,,,,,,,,,,,,,,,,,,,,,,,,,,,,,,,,,,,
,,,,,,,,,,,,,,,,,,,,,,,,,,,,,,,,,,,,,
,,,,,,,,,,,,,,,,,,,,,,,,,,,,,,,,,,,,,
,,,,,,,,,,,,,,,,,,,,,,,,,,,,,,,,,,,,,
